"施設ID","作業用番号","作業内容フラグ_区分","作業内容フラグ_内訳","作業内容フラグ_内訳補足","施設名","施設名_ﾌﾘｶﾞﾅ","路線名","道路種別","架設年度_西暦","架設年度_推測","供用年度_西暦","橋梁種別","橋長(m)","径間数","幅員(m)","上部構造形式","上部工（使用材料）","上部工（構造形式）","下部構造形式","基礎形式","溝橋(ｶﾙﾊﾞｰﾄ)","道路管理者_区分","道路管理者_名称","道路管理者_管理事務所名","行政区域_都道府県名","行政区域_市区町村名","起点側位置_緯度","起点側位置_経度","距離標(KP)","上り・下り線","当該道路_緊急輸送路","道路橋下状況_道路_緊急輸送路","道路橋下状況_道路_道路管理者","道路橋下状況_鉄道","代替路の有無","自専道/一般道","高規格幹線道路区分","占用物件(名称)","施設諸元_備考","点検記録_点検実施年度","点検記録_点検実施年月","点検記録_判定区分","過去の点検表記録様式ファイル名","点検表記録様式ファイル名","所見等(任意)","長寿命化修繕計画","点検・修繕_備考","確認書記載_点検・修繕計画_2019","確認書記載_点検・修繕計画_2020","確認書記載_点検・修繕計画_2021","確認書記載_点検・修繕計画_2022","確認書記載_点検・修繕計画_2023","確認書記載_点検・修繕計画_2024","確認書記載_点検・修繕計画_2025","確認書記載_点検・修繕計画_2026","確認書記載_点検・修繕計画_2027","確認書記載_点検・修繕計画_2028","確認書記載_点検方法","確認書記載_修繕方法","確認書記載_点検済分類","確認書記載_跨線部判定結果","確認書記載_修繕済分類","確認書記載_跨線部再判定結果","確認書に点検時期の記載がない理由","跨線対象_鉄道_JR_1","跨線対象_鉄道_JR_2","跨線対象_鉄道_JR_3","跨線対象_鉄道_JR_4","跨線対象_鉄道_大手民鉄_1","跨線対象_鉄道_大手民鉄_2","跨線対象_鉄道_大手民鉄_3","跨線対象_鉄道_準大手_1","跨線対象_鉄道_準大手_2","跨線対象_鉄道_公営_1","跨線対象_鉄道_公営_2","跨線対象_鉄道_中小民鉄_1","跨線対象_鉄道_中小民鉄_2","跨線対象_鉄道_中小民鉄_3","跨線対象_鉄道_中小民鉄転換鉄道等_1","跨線対象_鉄道_中小民鉄転換鉄道等_2","跨線対象_鉄道_貨物鉄道(JR以外）_1","跨線対象_鉄道_貨物鉄道(JR以外）_2","跨線対象_鉄道_モノレール_1","跨線対象_鉄道_モノレール_2","跨線対象_鉄道_新交通システム_1","跨線対象_鉄道_新交通システム_2","跨線対象_鉄道_鋼索鉄道_1","跨線対象_鉄道_鋼索鉄道_2","跨線対象_鉄道_無軌条電車_1","跨線対象_鉄道_無軌条電車_2","跨線対象_軌道_公営_1","跨線対象_軌道_公営_2","跨線対象_軌道_中小民鉄_1","跨線対象_軌道_中小民鉄_2","跨線対象_軌道_モノレール_1","跨線対象_軌道_モノレール_2","跨線対象_軌道_新交通システム_1","跨線対象_軌道_新交通システム_2","跨線対象_その他","通行規制_規制内容","通行規制_規制内容_詳細","通行規制_新規追加","通行規制_規制内容変更","通行規制_開始年度","通行規制_規制までの橋齢","規制解除（予定）年度","規制原因_自由入力","通行規制_原因コード","通行規制_原因_具体的内容の分類","通行規制_原因_詳細","補修等実施状況","補修等実施予定時期","補修等実施予定年月","撤去措置区分","新設設計時の適用基準","橋の重要度","耐震補強の状況","性能３を満たすための対策状況","性能３を満たすための対策完了目標年度","性能２を満たすための対策状況","性能２を満たすための対策完了目標年度","橋種_一般橋","橋種_特殊橋_トラス橋","橋種_特殊橋_吊り橋","橋種_特殊橋_斜張橋","橋種_特殊橋_その他特殊橋梁","対策メニュー_基礎（フーチング含む）","対策メニュー_橋台","対策メニュー_橋脚","対策メニュー_橋脚_うち段落とし部","縁対策メニュー_縁端拡幅","対策メニュー_落橋防止構造","対策メニュー_変位制限構造（横変位拘束構造）","対策メニュー_支承交換","対策メニュー_段差防止構造","対策メニュー_上部工補強","対策メニュー_その他","図面の有無","基礎の耐震補強_適用基準・図面類","基礎の耐震補強_基礎の照査結果","基礎の耐震補強_液状化エリア","基礎の耐震補強_簡易判定","単径間の橋梁_種類","単径間の橋梁_照査の有無","ロッキング橋脚を有する橋梁","パイルベント橋脚を有する橋梁","全国地震予想地図での発生確率","跨道橋_用途種別","跨道橋の状況_現在未使用","跨道橋の状況_今後の利用","跨道橋の状況_撤去計画の有無","跨道橋の状況_撤去計画無しの理由","跨道橋下の管理者_会社名","跨道橋下の管理者_支社名","跨道橋下の管理者_事務所名","跨道橋下の路線情報_路線区別","跨道橋下の路線情報_高速道路等名称","位置情報_IC間_自","位置情報_IC間_至","位置情報_KP","跨線橋下管理者との管理協定の締結","管理協定_無しの理由","点検実施状況","点検を委託で実施","点検方法","跨線橋下管理者との共有","点検結果_最新の点検時期","点検結果_5年以内の対策","修繕の内容_はく落対策_実施状況","修繕の内容_壁高欄補修_実施状況","修繕の内容_コンクリたたき落とし_実施状況","修繕の内容_塗替塗装_実施状況","修繕の内容_クラック補修_実施状況","修繕の内容_架替_実施状況","修繕の内容_その他_具体的内容","修繕の内容_その他_実施状況","修繕の内容_未実施の理由","耐震補強_実施状況","耐震未照査_該当","耐震未照査_照査実施計画年度","未移管跨線橋_該当","未移管跨線橋_区分","要請（公表）するべきもの","本来管理者_区分","本来管理者名（移管予定先）","移管後_道路法上の道路_該当","移管後_用途種別","移管状況","移管時期"
"35.60643,137.87780","BR0-204021-00001",,,,"1-3橋(13)","(1-3ﾊｼ)","町道（１級）弥太沢線","市町村道","1998",,,,"5.2","1","7.6","③ＲＣ橋_ＲＣ床版橋（その他）","RC橋","床版橋","重力式橋台","直接基礎",,"市区町村","松川町","松川町","長野県","松川町","35.60643","137.87780","無","上下線","指定無し","×","市区町村","無し","有","一般道",,,,"2020","202011","Ⅱ",,"1-3橋(13).xlsx","主桁、橋台にひびわれがみられる。予防保全の観点から措置を講ずることが望ましい。",,,,,,,,,,,,,,,,,,,,,,,,,,,,,,,,,,,,,,,,,,,,,,,,,,,,,,,,,,,,,,,,,,,,,,"H8道示（復旧仕様含む）","Ａ種の橋",,,,,,"1",,,,,"不要","不要","不要","不要","不要","不要","不要","不要","不要","不要","不要","竣工図なし","基礎の耐震補強照査を実施していない",,"液状化の想定されるエリア外の橋梁","損傷度Ⅳ又はⅢ以下","直橋","未実施",,,"26%以上",,,,,,,,,,,,,,,,,,,,,,,,,,,,,,,,,,,,,,,,,,
"35.60589,137.87864","BR0-204021-00002",,,,"1-4橋(88)","(1-4ﾊｼ)","町道２４５号線","市町村道","不明","1981～1990年",,,"3.5","1","2.5","③ＲＣ橋_ＲＣ床版橋（その他）","RC橋","床版橋","重力式橋台","直接基礎",,"市区町村","松川町","松川町","長野県","松川町","35.60589","137.87864","無","上下線","指定無し","×","市区町村","無し","有","一般道",,,,"2020","202011","Ⅱ",,"1-4橋(88).xlsx","支承部から遊離石灰が見られる。予防保全の観点から措置を講ずることが望ましい。",,,,,,,,,,,,,,,,,,,,,,,,,,,,,,,,,,,,,,,,,,,,,,,,,,,,,,,,,,,,,,,,,,,,,,"S55道示","Ａ種の橋",,,,,,"1",,,,,"未対策","未対策","未対策","未対策","未対策","未対策","未対策","未対策","未対策","未対策","未対策","竣工図なし","基礎の耐震補強照査を実施していない",,"液状化の想定されるエリア外の橋梁","個別判定","直橋","未実施",,,"26%以上",,,,,,,,,,,,,,,,,,,,,,,,,,,,,,,,,,,,,,,,,,
"35.61349,137.88649","BR0-204021-00003",,,,"1-5橋(82)","(1-5ﾊｼ)","町道２１４号線","市町村道","2015",,,,"2.0","1","4.0","③ＲＣ橋_ＲＣ床版橋（その他）","RC橋","床版橋","重力式橋台","直接基礎","○","市区町村","松川町","松川町","長野県","松川町","35.61349","137.88649","無","上下線","指定無し","×","市区町村","無し","有","一般道",,,,"2020","202011","Ⅱ",,"1-5橋(82).xlsx","主桁に鉄筋露出がみられ、橋台に遊離石灰が見られる。予防保全の観点から措置を講ずることが望ましい。",,,,,,,,,,,,,,,,,,,,,,,,,,,,,,,,,,,,,,,,,,,,,,,,,,,,,,,,,,,,,,,,,,,,,,"S55道示","Ａ種の橋",,,,,,"1",,,,,"未対策","未対策","未対策","未対策","未対策","未対策","未対策","未対策","未対策","未対策","未対策","竣工図なし","基礎の耐震補強照査を実施していない",,"液状化の想定されるエリア外の橋梁","個別判定","直橋","未実施",,,"26%以上",,,,,,,,,,,,,,,,,,,,,,,,,,,,,,,,,,,,,,,,,,
"35.60834,137.88030","BR0-204021-00004",,,,"1-6橋(84)","(1-6ﾊｼ)","町道２３５号線","市町村道","不明","1981～1990年",,,"3.0","1","7.7","③ＲＣ橋_ＲＣ床版橋（その他）","RC橋","床版橋","重力式橋台","直接基礎",,"市区町村","松川町","松川町","長野県","松川町","35.60834","137.88030","無","上下線","指定無し","×","市区町村","無し","有","一般道",,,,"2020","202011","Ⅱ",,"1-6橋(84).xlsx","主桁に鉄筋露出がみられる。予防保全の観点から措置を講ずることが望ましい。",,,,,,,,,,,,,,,,,,,,,,,,,,,,,,,,,,,,,,,,,,,,,,,,,,,,,,,,,,,,,,,,,,,,,,"S55道示","Ａ種の橋",,,,,,"1",,,,,"未対策","未対策","未対策","未対策","未対策","未対策","未対策","未対策","未対策","未対策","未対策","竣工図なし","基礎の耐震補強照査を実施していない",,"液状化の想定されるエリア外の橋梁","個別判定","直橋","未実施",,,"26%以上",,,,,,,,,,,,,,,,,,,,,,,,,,,,,,,,,,,,,,,,,,
"35.60950,137.90859","BR0-204021-00005",,,,"平石橋","(ﾋﾗｲｼﾊｼ)","町道（１級）幹道平石線","市町村道","1987",,,,"42.0","2","9.0","④ＰＣ橋_プレテンＴ桁","PC橋","桁橋(T桁)","重力式橋台","直接基礎",,"市区町村","松川町","松川町","長野県","松川町","35.60950","137.90859","無","上下線","指定無し","×","都道府県","無し","有","一般道",,,,"2020","202009","Ⅱ",,"町道幹道平石線_平石橋(10).xlsx-2020.xlsx，平石橋(10).xlsx","床版に軽微なひびわれが見られる。橋台にひびわれが生じている。予防保全の観点から措置を講ずることが望ましい。",,,,,,,,,,,,,,,,,,,,,,,,,,,,,,,,,,,,,,,,,,,,,,,,,,,,,,,,,,,,,,,,,,,,,,"S55道示","Ａ種の橋",,,,,,"1",,,,,"未対策","未対策","未対策","未対策","未対策","未対策","未対策","未対策","未対策","未対策","未対策","竣工図あり","基礎の耐震補強照査を実施していない",,"液状化の想定されるエリア外の橋梁","個別判定",,,,,"26%以上",,,,,,,,,,,,,,,,,,,,,,,,,,,,,,,,,,,,,,,,,,
"35.60715,137.90746","BR0-204021-00006",,,,"1-8橋(9)","(1-8ﾊｼ)","町道（１級）幹道平石線","市町村道","不明","1981～1990年",,,"2.0","1","5.7","③ＲＣ橋_ＲＣ床版橋（その他）","RC橋","床版橋","重力式橋台","直接基礎","○","市区町村","松川町","松川町","長野県","松川町","35.60715","137.90746","無","上下線","指定無し","×","市区町村","無し","有","一般道",,,,"2020","202011","Ⅰ",,"1-8橋(9).xlsx","橋としての機能に支障が生じていない。",,,,,,,,,,,,,,,,,,,,,,,,,,,,,,,,,,,,,,,,,,,,,,,,,,,,,,,,,,,,,,,,,,,,,,"S55道示","Ａ種の橋",,,,,,"1",,,,,"未対策","未対策","未対策","未対策","未対策","未対策","未対策","未対策","未対策","未対策","未対策","竣工図なし","基礎の耐震補強照査を実施していない",,"液状化の想定されるエリア外の橋梁","個別判定","直橋","未実施",,,"6%以上～26%未満",,,,,,,,,,,,,,,,,,,,,,,,,,,,,,,,,,,,,,,,,,
"35.60426,137.88048","BR0-204021-00007",,,,"1-9橋(87)","(1-9ﾊｼ)","町道２４４号線","市町村道","不明","1981～1990年",,,"4.3","1","2.5","③ＲＣ橋_ＲＣ床版橋（その他）","RC橋","床版橋","重力式橋台","直接基礎",,"市区町村","松川町","松川町","長野県","松川町","35.60426","137.88048","無","上下線","指定無し","×","市区町村","無し","有","一般道",,,,"2020","202011","Ⅰ",,"1-9橋(87).xlsx","橋としての機能に支障が生じていないが、パラペット背面に段差が生じている。",,,,,,,,,,,,,,,,,,,,,,,,,,,,,,,,,,,,,,,,,,,,,,,,,,,,,,,,,,,,,,,,,,,,,,"S55道示","Ａ種の橋",,,,,,"1",,,,,"未対策","未対策","未対策","未対策","未対策","未対策","未対策","未対策","未対策","未対策","未対策","竣工図なし","基礎の耐震補強照査を実施していない",,"液状化の想定されるエリア外の橋梁","個別判定","直橋","未実施",,,"26%以上",,,,,,,,,,,,,,,,,,,,,,,,,,,,,,,,,,,,,,,,,,
"35.60272,137.88237","BR0-204021-00008",,,,"1-10橋(85)","(1-10ﾊｼ)","町道２３９号線","市町村道","不明","1981～1990年",,,"3.4","1","4.8","③ＲＣ橋_ＲＣ床版橋（その他）","RC橋","床版橋","重力式橋台","直接基礎",,"市区町村","松川町","松川町","長野県","松川町","35.60272","137.88237","無","上下線","指定無し","×","市区町村","無し","有","一般道",,,,"2020","202011","Ⅱ",,"1-10橋(85).xlsx","主桁に鉄筋露出がみられる。予防保全の観点から措置を講ずることが望ましい。",,,,,,,,,,,,,,,,,,,,,,,,,,,,,,,,,,,,,,,,,,,,,,,,,,,,,,,,,,,,,,,,,,,,,,"S55道示","Ａ種の橋",,,,,,"1",,,,,"未対策","未対策","未対策","未対策","未対策","未対策","未対策","未対策","未対策","未対策","未対策","竣工図なし","基礎の耐震補強照査を実施していない",,"液状化の想定されるエリア外の橋梁","個別判定","斜橋・曲線橋","未実施",,,"26%以上",,,,,,,,,,,,,,,,,,,,,,,,,,,,,,,,,,,,,,,,,,
"35.60387,137.88437","BR0-204021-00009",,,,"弥太沢橋","(ﾔﾀｻﾞﾜﾊｼ)","町道（１級）弥太沢線","市町村道","1974",,,,"41.0","3","5.5","③ＲＣ橋_ラーメン橋","RC橋","ラーメン橋","逆Ｔ式橋台","直接基礎",,"市区町村","松川町","松川町","長野県","松川町","35.60387","137.88437","無","上下線","指定無し","一次","高速道路会社","無し","有","一般道",,,,"2021","202109","Ⅱ",,"03_町道（1級）弥太沢線_弥太沢橋.xlsx","2014年度に補修工事が施工されているが、未補修箇所や補修箇所の再劣化が見られる。劣化の進行に注視して経過観察を行い、必要に応じて適宜補修を行うことが望ましい。",,,,,,,,,,,,,,,,,,,,,,,,,,,,,,,,,,,,,,,,,,,,,,,,,,,,,,,,,,,,,,,,,,,,,,"S46耐震設計指針","Ｂ種の橋",,,,,,"1",,,,,"未対策","未対策","未対策","未対策","未対策","未対策","未対策","未対策","未対策","未対策","未対策","竣工図なし","基礎の耐震補強照査を実施していない",,"液状化の想定されるエリア外の橋梁","個別判定",,,,,"26%以上","①4道路橋（市区町村）",,"1.今後も継続して利用",,,"NEXCO中日本","名古屋支社","飯田（保）","高速","中央自動車道","松川","飯田","236.421","○",,"実施",,"近接目視・打音検査（H25以前）","点検状況を報告していない","201211","不要","－","－","－","－","－","－",,,,"落橋・倒壊を防ぐレベルで完了",,,,,,,,,,,
"35.60425,137.88049","BR0-204021-00010",,,,"1-12橋(89)","(1-12ﾊｼ)","町道２４８号線","市町村道","不明","1981～1990年",,,"3.7","1","3.0","③ＲＣ橋_ＲＣ床版橋（その他）","RC橋","床版橋","重力式橋台","直接基礎",,"市区町村","松川町","松川町","長野県","松川町","35.60425","137.88049","無","上下線","指定無し","×","市区町村","無し","有","一般道",,,,"2020","202011","Ⅰ",,"1-12橋(89).xlsx","橋としての機能に支障が生じていない。",,,,,,,,,,,,,,,,,,,,,,,,,,,,,,,,,,,,,,,,,,,,,,,,,,,,,,,,,,,,,,,,,,,,,,"S55道示","Ａ種の橋",,,,,,"1",,,,,"未対策","未対策","未対策","未対策","未対策","未対策","未対策","未対策","未対策","未対策","未対策","竣工図なし","基礎の耐震補強照査を実施していない",,"液状化の想定されるエリア外の橋梁","個別判定","直橋","未実施",,,"26%以上",,,,,,,,,,,,,,,,,,,,,,,,,,,,,,,,,,,,,,,,,,
"35.60282,137.90329","BR0-204021-00011",,,,"1-13橋(72)","(1-13ﾊｼ)","町道１５９号線","市町村道","不明","1981～1990年",,,"4.8","1","3.5","③ＲＣ橋_ＲＣ床版橋（その他）","RC橋","床版橋","重力式橋台","直接基礎",,"市区町村","松川町","松川町","長野県","松川町","35.60282","137.90329","無","上下線","指定無し","×","市区町村","無し","有","一般道",,,,"2020","202011","Ⅰ",,"1-13橋(72).xlsx","橋としての機能に支障が生じていない。",,,,,,,,,,,,,,,,,,,,,,,,,,,,,,,,,,,,,,,,,,,,,,,,,,,,,,,,,,,,,,,,,,,,,,"S55道示","Ａ種の橋",,,,,,"1",,,,,"未対策","未対策","未対策","未対策","未対策","未対策","未対策","未対策","未対策","未対策","未対策","竣工図なし","基礎の耐震補強照査を実施していない",,"液状化の想定されるエリア外の橋梁","個別判定","直橋","未実施",,,"26%以上",,,,,,,,,,,,,,,,,,,,,,,,,,,,,,,,,,,,,,,,,,
"35.60159,137.89818","BR0-204021-00012",,,,"1-16橋(11)","(1-16ﾊｼ)","町道（１級）御鍬原線","市町村道","不明","1981～1990年",,,"3.7","1","5.8","③ＲＣ橋_ＲＣ床版橋（その他）","RC橋","床版橋","重力式橋台","直接基礎",,"市区町村","松川町","松川町","長野県","松川町","35.60159","137.89818","無","上下線","指定無し","×","市区町村","無し","有","一般道",,,,"2020","202010","Ⅰ",,"1-16橋(11).xlsx","橋としての機能に支障が生じていない。",,,,,,,,,,,,,,,,,,,,,,,,,,,,,,,,,,,,,,,,,,,,,,,,,,,,,,,,,,,,,,,,,,,,,,"S55道示","Ａ種の橋",,,,,,"1",,,,,"未対策","未対策","未対策","未対策","未対策","未対策","未対策","未対策","未対策","未対策","未対策","竣工図なし","基礎の耐震補強照査を実施していない",,"液状化の想定されるエリア外の橋梁","個別判定","直橋","未実施",,,"26%以上",,,,,,,,,,,,,,,,,,,,,,,,,,,,,,,,,,,,,,,,,,
"35.60142,137.91672","BR0-204021-00013",,,,"1-17橋(45)","(1-17ﾊｼ)","町道１２号線","市町村道","不明","1981～1990年",,,"2.6","1","3.4","③ＲＣ橋_ＲＣ床版橋（その他）","RC橋","床版橋","重力式橋台","直接基礎",,"市区町村","松川町","松川町","長野県","松川町","35.60142","137.91672","無","上下線","指定無し","×",,"無し","有","一般道",,,,"2024","202409","Ⅰ","町道12号線_1-17橋(45).xlsx","356014213791672_1-17橋(45)_2024.xlsx","・本橋は1980年に架設されたRC中実床版橋である。
・主要部材は概ね健全であり、道路橋の機能に支障が生じていない状態であると判断し、健全度Ⅰとした。
・A2胸壁背面に60㎜の段差が見られ、第三者への影響が懸念されるため、維持工事等で措置を講ずることが望ましい。

【上部構造】
・概ね健全である。
・A2胸壁背面に60㎜の段差が見られ、第三者への影響が懸念されるため、維持工事等で措置を講ずることが望ましい。

【下部構造】
・概ね健全である。

【その他】
・概ね健全である。",,,,,,,,,,,,,,,,,,,,,,,,,,,,,,,,,,,,,,,,,,,,,,,,,,,,,,,,,,,,,,,,,,,,,,"S55道示","Ａ種の橋",,,,,,"1",,,,,"未対策","未対策","未対策","未対策","未対策","未対策","未対策","未対策","未対策","未対策","未対策","竣工図なし","基礎の耐震補強照査を実施していない",,"液状化の想定されるエリア外の橋梁","個別判定","直橋","未実施",,,"6%以上～26%未満",,,,,,,,,,,,,,,,,,,,,,,,,,,,,,,,,,,,,,,,,,
"35.60017,137.88053","BR0-204021-00014",,,,"桑園橋","(ｸﾜｿﾞﾉﾊﾞｼ)","町道２５２号線","市町村道","2006",,,,"33.0","1","9.2","①鋼橋(ボルト又は鋼溶継手)_Ｉ桁（非合成）","鋼橋","桁橋(I桁)","逆Ｔ式橋台","場所打ぐい",,"市区町村","松川町","松川町","長野県","松川町","35.60017","137.88053","無","上下線","指定無し","×",,"無し","有","一般道",,,,"2021","202108","Ⅱ",,"町道252号線_桑園橋(90).xlsx-2021.xlsx，21_町道252号線_桑園橋.xlsx","床版、橋台にひびわれが見られる。予防保全の観点から措置を講ずることが望ましい。",,,,,,,,,,,,,,,,,,,,,,,,,,,,,,,,,,,,,,,,,,,,,,,,,,,,,,,,,,,,,,,,,,,,,,"H14道示","Ａ種の橋",,,,,,"1",,,,,"不要","不要","不要","不要","不要","不要","不要","不要","不要","不要","不要","竣工図あり","基礎の耐震補強照査を実施していない",,"液状化の想定されるエリア外の橋梁","損傷度Ⅳ又はⅢ以下","直橋","未実施",,,"26%以上",,,,,,,,,,,,,,,,,,,,,,,,,,,,,,,,,,,,,,,,,,
"35.59756,137.88499","BR0-204021-00015",,,,"増野第二橋","(ﾏｼﾉﾀﾞｲ2ｷﾖｳ)","町道２５５号線","市町村道","1974",,,,"40.0","3","5.0","④ＰＣ橋_ラーメン橋","PC橋","ラーメン橋","逆Ｔ式橋台","直接基礎",,"市区町村","松川町","松川町","長野県","松川町","35.59756","137.88499","無","上下線","指定無し","一次","高速道路会社","無し","有","一般道",,,,"2021","202110","Ⅲ",,"04_町道255号線_増野第二橋.xlsx","橋脚の変状は耐力低下に、排水管支持金具の変状は第三者被害に繋がる可能性がある。橋面側の補修も含め早期に補修することが必要と考え、橋軸直角方向のひびわれは引続き注視が必要である。",,,,,,,,,,,,,,,,,,,,,,,,,,,,,,,,,,,,,,,,,,,,,,,,,,,,,,,,,,,,,,,,,,,,,,"S46耐震設計指針","Ｂ種の橋",,,,,,"1",,,,,"未対策","未対策","未対策","未対策","未対策","未対策","未対策","未対策","未対策","未対策","未対策","竣工図なし","基礎の耐震補強照査を実施していない",,"液状化の想定されるエリア外の橋梁","個別判定",,,,,"26%以上","①4道路橋（市区町村）",,"1.今後も継続して利用",,,"NEXCO中日本","名古屋支社","飯田（保）","高速","中央自動車道","松川","飯田","237.126","○",,"実施","○","遠方目視（H25以前","点検状況を報告していない","201005","不要","－","－","－","－","－","－",,,,"落橋・倒壊を防ぐレベルで完了",,,,,,,,,,,
"35.59613,137.88472","BR0-204021-00016",,,,"増野第一橋","(ﾏｼﾉﾀﾞｲ1ｷﾖｳ)","町道（２級）増野中央線","市町村道","1974",,,,"39.0","3","5.0","④ＰＣ橋_ラーメン橋","PC橋","ラーメン橋","逆Ｔ式橋台","直接基礎",,"市区町村","松川町","松川町","長野県","松川町","35.59613","137.88472","無","上下線","指定無し","一次","高速道路会社","無し","有","一般道",,,,"2021","202110","Ⅱ",,"05_町道（2級）増野中央線_増野第一橋.xlsx","橋面側の損傷箇所から床版・主桁へ水が浸透しやすい状況となっている。変状箇所が多く予防保全および第三者被害の観点から速やかに措置を講ずることが望ましい。橋軸直角方向のひびわれは引続き注視が必要である。",,,,,,,,,,,,,,,,,,,,,,,,,,,,,,,,,,,,,,,,,,,,,,,,,,,,,,,,,,,,,,,,,,,,,,"S46耐震設計指針","Ｂ種の橋",,,,,,"1",,,,,"未対策","未対策","未対策","未対策","未対策","未対策","未対策","未対策","未対策","未対策","未対策","竣工図なし","基礎の耐震補強照査を実施していない",,"液状化の想定されるエリア外の橋梁","個別判定",,,,,"26%以上","①4道路橋（市区町村）",,"1.今後も継続して利用",,,"NEXCO中日本","名古屋支社","飯田（保）","高速","中央自動車道","松川","飯田","237.285","○",,"実施",,"近接目視・打音検査（H25以前）","点検状況を報告していない","201211","不要","－","－","－","－","－","－",,,,"落橋・倒壊を防ぐレベルで完了",,,,,,,,,,,
"35.59895,137.88682","BR0-204021-00017",,,,"1-21橋(2)","(1-21ﾊｼ)","町道（１級）古町境の沢線","市町村道","不明","1981～1990年",,,"4.1","1","2.7","③ＲＣ橋_ＲＣ床版橋（その他）","RC橋","床版橋","重力式橋台","直接基礎",,"市区町村","松川町","松川町","長野県","松川町","35.59895","137.88682","無","上下線","指定無し","×",,"無し","有","一般道",,,,"2022","202211","Ⅰ","町道古町境の沢線_1-21橋(2).xlsx.xlsx","町道古町境の沢線_1-21橋(2).xlsx","健全である。",,,,,,,,,,,,,,,,,,,,,,,,,,,,,,,,,,,,,,,,,,,,,,,,,,,,,,,,,,,,,,,,,,,,,,"S55道示","Ａ種の橋",,,,,,"1",,,,,"未対策","未対策","未対策","未対策","未対策","未対策","未対策","未対策","未対策","未対策","未対策","竣工図なし","基礎の耐震補強照査を実施していない",,"液状化の想定されるエリア外の橋梁","個別判定","直橋","未実施",,,"26%以上",,,,,,,,,,,,,,,,,,,,,,,,,,,,,,,,,,,,,,,,,,
"35.60141,137.89550","BR0-204021-00018",,,,"1-22橋(78)","(1-22ﾊｼ)","町道１９０号線","市町村道","不明","1981～1990年",,,"2.3","1","2.5","③ＲＣ橋_ＲＣ床版橋（その他）","RC橋","床版橋","重力式橋台","直接基礎",,"市区町村","松川町","松川町","長野県","松川町","35.60141","137.89550","無","上下線","指定無し","×",,"無し","有","一般道",,,,"2022","202210","Ⅰ","町道190号線_1-22橋(78).xlsx.xlsx","町道190号線_1-22橋(78).xlsx","健全である。",,,,,,,,,,,,,,,,,,,,,,,,,,,,,,,,,,,,,,,,,,,,,,,,,,,,,,,,,,,,,,,,,,,,,,"S55道示","Ａ種の橋",,,,,,"1",,,,,"未対策","未対策","未対策","未対策","未対策","未対策","未対策","未対策","未対策","未対策","未対策","竣工図なし","基礎の耐震補強照査を実施していない",,"液状化の想定されるエリア外の橋梁","個別判定","直橋","未実施",,,"26%以上",,,,,,,,,,,,,,,,,,,,,,,,,,,,,,,,,,,,,,,,,,
"35.60065,137.90051","BR0-204021-00019",,,,"1-23橋(77)","(1-23ﾊｼ)","町道１８７号線","市町村道","不明","1981～1990年",,,"2.8","1","2.7","③ＲＣ橋_ＲＣ床版橋（その他）","RC橋","床版橋","重力式橋台","直接基礎",,"市区町村","松川町","松川町","長野県","松川町","35.60065","137.90051","無","上下線","指定無し","×",,"無し","有","一般道",,,,"2024","202409","Ⅱ","町道187号線_1-23橋(77).xlsx","356006513790051_1-23橋(77)_2024.xlsx","・本橋は1980年に架設されたBOXカルバートである。
・主桁の一部、橋台の一部に幅0.2㎜のひびわれが見られ、予防保全の観点から措置を講ずることが望ましい状態にあると判断し、健全度Ⅱとした。
・A2胸壁背面に30mmの段差が見られ、第三者への影響が懸念されるため、維持工事等にて措置を講ずることが望ましい。

【上部構造】
・主桁の一部に幅0.2㎜のひびわれが見られる。乾燥収縮等によるものと考えられる。前回時には見られなかったため、今後も損傷の進行が懸念される。予防保全の観点から措置を講ずることが望ましい。
・A2胸壁背面に30mmの段差が見られる。第三者への影響が懸念されるため、維持工事等にて措置を講ずることが望ましい。
・舗装の一部に幅10mmのひびわれが見られる。下面への影響が懸念されるため、維持工事等にて措置を講ずることが望ましい。

【下部構造】
・橋台の一部に幅0.2㎜のひびわれが見られる。乾燥収縮等によるものと考えられる。前回時には見られなかったため、今後も損傷の進行が懸念される。予防保全の観点から措置を講ずることが望ましい。

【その他】
・概ね健全である。",,,,,,,,,,,,,,,,,,,,,,,,,,,,,,,,,,,,,,,,,,,,,,,,,,,,,,,,,,,,,,,,,,,,,,"S55道示","Ａ種の橋",,,,,,"1",,,,,"未対策","未対策","未対策","未対策","未対策","未対策","未対策","未対策","未対策","未対策","未対策","竣工図なし","基礎の耐震補強照査を実施していない",,"液状化の想定されるエリア外の橋梁","個別判定","直橋","未実施",,,"26%以上",,,,,,,,,,,,,,,,,,,,,,,,,,,,,,,,,,,,,,,,,,
"35.60103,137.90489","BR0-204021-00020",,,,"1-24橋(71)","(1-24ﾊｼ)","町道１５９号線","市町村道","不明","1981～1990年",,,"2.5","1","3.5","③ＲＣ橋_ＲＣ床版橋（その他）","RC橋","床版橋","重力式橋台","直接基礎",,"市区町村","松川町","松川町","長野県","松川町","35.60103","137.90489","無","上下線","指定無し","×",,"無し","有","一般道",,,,"2024","202409","Ⅲ","町道159号線_1-24橋(71).xlsx","356010313790489_1-24橋(71)_2024.xlsx","・本橋は1980年に架設されたRC中実床版橋である。
・主桁の一部に著しい欠損が見られ、早期に措置を講ずべき状態にあると判断し、健全度Ⅲとした。

【上部構造】
主桁の一部に500×400×200(mm)の著しい欠損が見られる。落下物の衝撃などの外的要因によるものと考えられる。前回時には評価されていなかったが、損傷自体は確認できるため、進行はしていないと判断できるが、早期に措置を講ずべき状態である。
・舗装の一部に幅30mmのひびわれが見られる。下面への影響が懸念されるため、維持工事等にて措置を講ずることが望ましい。

【下部構造】
・概ね健全である。

【上下部接続部】
・概ね健全である。

【その他】
・概ね健全である。",,,,,,,,,,,,,,,,,,,,,,,,,,,,,,,,,,,,,,,,,,,,,,,,,,,,,,,,,,,,,,,,,,,,,,"S55道示","Ａ種の橋",,,,,,"1",,,,,"未対策","未対策","未対策","未対策","未対策","未対策","未対策","未対策","未対策","未対策","未対策","竣工図なし","基礎の耐震補強照査を実施していない",,"液状化の想定されるエリア外の橋梁","個別判定","直橋","未実施",,,"26%以上",,,,,,,,,,,,,,,,,,,,,,,,,,,,,,,,,,,,,,,,,,
"35.59937,137.90527","BR0-204021-00021",,,,"1-25橋(70)","(1-25ﾊｼ)","町道１５８号線","市町村道","不明","1981～1990年",,,"4.0","1","2.7","③ＲＣ橋_ＲＣ床版橋（その他）","RC橋","床版橋","重力式橋台","直接基礎",,"市区町村","松川町","松川町","長野県","松川町","35.59937","137.90527","無","上下線","指定無し","×",,"無し","有","一般道",,,,"2024","202409","Ⅱ","町道158号線_1-25橋(70).xlsx","355993713790527_1-25橋(70)_2024.xlsx","・本橋は1980年に架設されたRC中実床版橋である。
・橋台の一部に幅1.0㎜のひびわれが見られ、予防保全の観点から措置を講ずることが望ましい状態にあると判断し、健全度Ⅱとした。
・A1胸壁背面に30㎜の段差が見られ、第三者への影響が懸念されるため、維持工事等にて措置を講ずることが望ましい。

【上部構造】
・概ね健全である。
・A1胸壁背面に30㎜の段差が見られる。第三者への影響が懸念されるため、維持工事等にて措置を講ずることが望ましい。

【下部構造】
・橋台の一部に幅1.0㎜のひびわれが見られる。乾燥収縮等によるものと考えられる。前回時には見られなかったため、今後も損傷の進行が懸念される。予防保全の観点から措置を講ずることが望ましい。

【上下部接続部】
・概ね健全である。

【その他】
・概ね健全である。",,,,,,,,,,,,,,,,,,,,,,,,,,,,,,,,,,,,,,,,,,,,,,,,,,,,,,,,,,,,,,,,,,,,,,"S55道示","Ａ種の橋",,,,,,"1",,,,,"未対策","未対策","未対策","未対策","未対策","未対策","未対策","未対策","未対策","未対策","未対策","竣工図なし","基礎の耐震補強照査を実施していない",,"液状化の想定されるエリア外の橋梁","個別判定","直橋","未実施",,,"6%以上～26%未満",,,,,,,,,,,,,,,,,,,,,,,,,,,,,,,,,,,,,,,,,,
"35.59812,137.90551","BR0-204021-00022",,,,"1-26橋(73)","(1-26ﾊｼ)","町道１７９号線","市町村道","不明","1981～1990年",,,"8.2","1","4.3","③ＲＣ橋_ＲＣ床版橋（その他）","RC橋","床版橋","重力式橋台","直接基礎",,"市区町村","松川町","松川町","長野県","松川町","35.59812","137.90551","無","上下線","指定無し","×",,"無し","有","一般道",,,,"2022","202211","Ⅰ","町道179号線_1-26橋(73).xlsx.xlsx","町道179号線_1-26橋(73).xlsx","健全である。",,,,,,,,,,,,,,,,,,,,,,,,,,,,,,,,,,,,,,,,,,,,,,,,,,,,,,,,,,,,,,,,,,,,,,"S55道示","Ａ種の橋",,,,,,"1",,,,,"未対策","未対策","未対策","未対策","未対策","未対策","未対策","未対策","未対策","未対策","未対策","竣工図なし","基礎の耐震補強照査を実施していない",,"液状化の想定されるエリア外の橋梁","個別判定","斜橋・曲線橋","未実施",,,"6%以上～26%未満",,,,,,,,,,,,,,,,,,,,,,,,,,,,,,,,,,,,,,,,,,
"35.59732,137.90329","BR0-204021-00023",,,,"1-27橋(76)","(1-27ﾊｼ)","町道１８６号線","市町村道","不明","1981～1990年",,,"2.3","1","4.0","③ＲＣ橋_ＲＣ床版橋（その他）","RC橋","床版橋","重力式橋台","直接基礎",,"市区町村","松川町","松川町","長野県","松川町","35.59732","137.90329","無","上下線","指定無し","×",,"無し","有","一般道",,,,"2024","202409","Ⅱ","町道186号線_1-27橋(76).xlsx","355973213790329_1-27橋(76)_2024.xlsx","・本橋は1980年に架設されたRC中実床版橋である。
・主桁の一部に幅0.2㎜のひびわれが見られ、予防保全の観点から措置を講ずることが望ましい状態にあると判断し、健全度Ⅱとした。
・A1胸壁背面に38mmの段差が見られ、第三者への影響が懸念されるため、維持工事等にて措置を講ずることが望ましい。

【上部構造】
・主桁の一部に幅0.2㎜のひびわれが見られる。乾燥収縮等によるものと考えられる。前回時には見られなかったため、今後も損傷の進行が懸念される。予防保全の観点から措置を講ずることが望ましい。
・A1胸壁背面に38mmの段差が見られる。第三者への影響が懸念されるため、維持工事等にて措置を講ずることが望ましい。

【下部構造】
・概ね健全である。

【上下部接続部】
・概ね健全である。

【その他】
・概ね健全である。",,,,,,,,,,,,,,,,,,,,,,,,,,,,,,,,,,,,,,,,,,,,,,,,,,,,,,,,,,,,,,,,,,,,,,"S55道示","Ａ種の橋",,,,,,"1",,,,,"未対策","未対策","未対策","未対策","未対策","未対策","未対策","未対策","未対策","未対策","未対策","竣工図なし","基礎の耐震補強照査を実施していない",,"液状化の想定されるエリア外の橋梁","個別判定","直橋","未実施",,,"26%以上",,,,,,,,,,,,,,,,,,,,,,,,,,,,,,,,,,,,,,,,,,
"35.60104,137.90489","BR0-204021-00024",,,,"1-28橋(57)","(1-28ﾊｼ)","町道１１４号線","市町村道","不明","1981～1990年",,,"2.3","1","3.6","③ＲＣ橋_ＲＣ床版橋（その他）","RC橋","床版橋","重力式橋台","直接基礎",,"市区町村","松川町","松川町","長野県","松川町","35.60104","137.90489","無","上下線","指定無し","×",,"無し","有","一般道",,,,"2021","202110","Ⅰ",,"22_町道114号線_1-28橋.xlsx","橋としての機能に支障が生じていない。",,,,,,,,,,,,,,,,,,,,,,,,,,,,,,,,,,,,,,,,,,,,,,,,,,,,,,,,,,,,,,,,,,,,,,"S55道示","Ａ種の橋",,,,,,"1",,,,,"未対策","未対策","未対策","未対策","未対策","未対策","未対策","未対策","未対策","未対策","未対策","竣工図なし","基礎の耐震補強照査を実施していない",,"液状化の想定されるエリア外の橋梁","個別判定","直橋","未実施",,,"6%以上～26%未満",,,,,,,,,,,,,,,,,,,,,,,,,,,,,,,,,,,,,,,,,,
"35.60111,137.91240","BR0-204021-00025",,,,"1-29橋(28)","(1-29ﾊｼ)","町道（２級）市の坪線","市町村道","不明","1981～1990年",,,"2.7","1","6.4","③ＲＣ橋_ＲＣ床版橋（その他）","RC橋","床版橋","重力式橋台","直接基礎",,"市区町村","松川町","松川町","長野県","松川町","35.60111","137.91240","無","上下線","指定無し","×",,"無し","有","一般道",,,,"2022","202211","Ⅰ","町道市の坪線_1-29橋(28).xlsx.xlsx","町道市の坪線_1-29橋(28).xlsx","健全である。",,,,,,,,,,,,,,,,,,,,,,,,,,,,,,,,,,,,,,,,,,,,,,,,,,,,,,,,,,,,,,,,,,,,,,"S55道示","Ａ種の橋",,,,,,"1",,,,,"未対策","未対策","未対策","未対策","未対策","未対策","未対策","未対策","未対策","未対策","未対策","竣工図なし","基礎の耐震補強照査を実施していない",,"液状化の想定されるエリア外の橋梁","個別判定","直橋","未実施",,,"6%以上～26%未満",,,,,,,,,,,,,,,,,,,,,,,,,,,,,,,,,,,,,,,,,,
"35.59998,137.91352","BR0-204021-00026",,,,"1-30橋(55)","(1-30ﾊｼ)","町道８１号線","市町村道","不明","1981～1990年",,,"2.0","1","3.8","③ＲＣ橋_ＲＣ床版橋（その他）","RC橋","床版橋","重力式橋台","直接基礎",,"市区町村","松川町","松川町","長野県","松川町","35.59998","137.91352","無","上下線","指定無し","×",,"無し","有","一般道",,,,"2021","202110","Ⅰ",,"23_町道81号線_1-30橋.xlsx","橋としての機能に支障が生じていない。",,,,,,,,,,,,,,,,,,,,,,,,,,,,,,,,,,,,,,,,,,,,,,,,,,,,,,,,,,,,,,,,,,,,,,"S55道示","Ａ種の橋",,,,,,"1",,,,,"未対策","未対策","未対策","未対策","未対策","未対策","未対策","未対策","未対策","未対策","未対策","竣工図なし","基礎の耐震補強照査を実施していない",,"液状化の想定されるエリア外の橋梁","個別判定","直橋","未実施",,,"6%以上～26%未満",,,,,,,,,,,,,,,,,,,,,,,,,,,,,,,,,,,,,,,,,,
"35.59632,137.90662","BR0-204021-00027",,,,"1-31橋(58)","(1-31ﾊｼ)","町道１１４号線","市町村道","不明","1981～1990年",,,"2.0","1","3.5","③ＲＣ橋_ＲＣ床版橋（その他）","RC橋","床版橋","重力式橋台","直接基礎",,"市区町村","松川町","松川町","長野県","松川町","35.59632","137.90662","無","上下線","指定無し","×",,"無し","有","一般道",,,,"2021","202110","Ⅰ",,"24_町道114号線_1-31橋.xlsx","橋としての機能に支障が生じていない。",,,,,,,,,,,,,,,,,,,,,,,,,,,,,,,,,,,,,,,,,,,,,,,,,,,,,,,,,,,,,,,,,,,,,,"S55道示","Ａ種の橋",,,,,,"1",,,,,"未対策","未対策","未対策","未対策","未対策","未対策","未対策","未対策","未対策","未対策","未対策","竣工図なし","基礎の耐震補強照査を実施していない",,"液状化の想定されるエリア外の橋梁","個別判定","直橋","未実施",,,"6%以上～26%未満",,,,,,,,,,,,,,,,,,,,,,,,,,,,,,,,,,,,,,,,,,
"35.60153,137.92109","BR0-204021-00028",,,,"1-32橋(43)","(1-32ﾊｼ)","町道１０号線","市町村道","不明","1981～1990年",,,"2.5","1","8.9","③ＲＣ橋_ＲＣ床版橋（その他）","RC橋","床版橋","重力式橋台","直接基礎",,"市区町村","松川町","松川町","長野県","松川町","35.60153","137.92109","無","上下線","指定無し","×",,"無し","有","一般道",,,,"2024","202409","Ⅰ","町道10号線_1-32橋(43).xlsx","356015313792109_1-32橋(43)_2024.xlsx","・本橋は1980年に架設されたRC中実床版橋である。
・主要部材は概ね健全であり、道路橋の機能に支障が生じていない状態であると判断し、健全度Ⅰとした。
・A2胸壁背面に25㎜の段差が見られ、第三者への影響が懸念されるため、維持工事等で措置を講ずることが望ましい。 

【上部構造】
・概ね健全である。
・A2胸壁背面に25㎜の段差が見られ、第三者への影響が懸念されるため、維持工事等で措置を講ずることが望ましい。 

【下部構造】
・概ね健全である。

【上下部接続部】
・概ね健全である。

【その他】
・概ね健全である。",,,,,,,,,,,,,,,,,,,,,,,,,,,,,,,,,,,,,,,,,,,,,,,,,,,,,,,,,,,,,,,,,,,,,,"S55道示","Ａ種の橋",,,,,,"1",,,,,"未対策","未対策","未対策","未対策","未対策","未対策","未対策","未対策","未対策","未対策","未対策","竣工図なし","基礎の耐震補強照査を実施していない",,"液状化の想定されるエリア外の橋梁","個別判定","直橋","未実施",,,"6%以上～26%未満",,,,,,,,,,,,,,,,,,,,,,,,,,,,,,,,,,,,,,,,,,
"35.59932,137.91551","BR0-204021-00029",,,,"1-33橋(54)","(1-33ﾊｼ)","町道７９号線","市町村道","不明","1981～1990年",,,"2.0","1","5.6","③ＲＣ橋_ＲＣ床版橋（その他）","RC橋","床版橋","重力式橋台","直接基礎",,"市区町村","松川町","松川町","長野県","松川町","35.59932","137.91551","無","上下線","指定無し","×",,"無し","有","一般道",,,,"2024","202409","Ⅰ","町道79号線_1-33橋(54).xlsx","355993213791551_1-33橋(54)_2024.xlsx","・本橋は1980年に架設されたRC中実床版橋である。
・主要部材は概ね健全であり、道路橋の機能に支障が生じていない状態であると判断し、健全度Ⅰとした。
・A1胸壁背面に20㎜の段差が見られ、第三者への影響が懸念されるため、維持工事等で措置を講ずることが望ましい。

【上部構造】
・概ね健全である。
・A1胸壁背面に20㎜の段差が見られ、第三者への影響が懸念されるため、維持工事等で措置を講ずることが望ましい。

【下部構造】
・概ね健全である。

【上下部接続部】
・概ね健全である。

【その他】
・概ね健全である。",,,,,,,,,,,,,,,,,,,,,,,,,,,,,,,,,,,,,,,,,,,,,,,,,,,,,,,,,,,,,,,,,,,,,,"S55道示","Ａ種の橋",,,,,,"1",,,,,"未対策","未対策","未対策","未対策","未対策","未対策","未対策","未対策","未対策","未対策","未対策","竣工図なし","基礎の耐震補強照査を実施していない",,"液状化の想定されるエリア外の橋梁","個別判定","直橋","未実施",,,"26%以上",,,,,,,,,,,,,,,,,,,,,,,,,,,,,,,,,,,,,,,,,,
"35.59770,137.92987","BR0-204021-00030",,,,"1-34橋(42)","(1-34ﾊｼ)","町道２号線","市町村道","不明","1981～1990年",,,"6.0","1","3.0","③ＲＣ橋_ＲＣ床版橋（その他）","RC橋","床版橋","重力式橋台","直接基礎",,"市区町村","松川町","松川町","長野県","松川町","35.59770","137.92987","無","上下線","指定無し","×",,"無し","有","一般道",,,,"2021","202110","Ⅰ",,"町道2号線_1-34橋(42).xlsx-2021.xlsx，25_町道2号線_1-34橋.xlsx","橋としての機能に支障が生じていない。",,,,,,,,,,,,,,,,,,,,,,,,,,,,,,,,,,,,,,,,,,,,,,,,,,,,,,,,,,,,,,,,,,,,,,"S55道示","Ａ種の橋",,,,,,"1",,,,,"未対策","未対策","未対策","未対策","未対策","未対策","未対策","未対策","未対策","未対策","未対策","竣工図なし","基礎の耐震補強照査を実施していない",,"液状化の想定されるエリア外の橋梁","個別判定","直橋","未実施",,,"26%以上",,,,,,,,,,,,,,,,,,,,,,,,,,,,,,,,,,,,,,,,,,
"35.59438,137.87901","BR0-204021-00031",,,,"増野橋(31)","(ﾏｼﾉﾊﾞｼ)","町道（２級）増野横断線","市町村道","2007",,,,"9.0","1","9.2","④ＰＣ橋_プレテン床版","PC橋","床版橋","逆Ｔ式橋台","直接基礎",,"市区町村","松川町","松川町","長野県","松川町","35.59438","137.87901","無","上下線","指定無し","×","都道府県","無し","有","一般道",,,,"2020","202009","Ⅱ",,"町道増野横断線_増野橋(31).xlsx-2020.xlsx，増野橋(31).xlsx","橋台にひび割れが見られる。支承部に滞水が見られる。護岸の背面が被災している。予防保全の観点から措置を講ずることが望ましい。",,,,,,,,,,,,,,,,,,,,,,,,,,,,,,,,,,,,,,,,,,,,,,,,,,,,,,,,,,,,,,,,,,,,,,"H14道示","Ａ種の橋",,,,,,"1",,,,,"不要","不要","不要","不要","不要","不要","不要","不要","不要","不要","不要","竣工図なし","基礎の耐震補強照査を実施していない",,"液状化の想定されるエリア外の橋梁","損傷度Ⅳ又はⅢ以下","直橋","未実施",,,"26%以上",,,,,,,,,,,,,,,,,,,,,,,,,,,,,,,,,,,,,,,,,,
"35.59443,137.89202","BR0-204021-00032",,,,"1-37橋(29)","(1-37ﾊｼ)","町道（２級）増野切石線","市町村道","不明","1981～1990年",,,"7.0","1","5.2","④ＰＣ橋_プレテンＴ桁","PC橋","桁橋(T桁)","重力式橋台","直接基礎",,"市区町村","松川町","松川町","長野県","松川町","35.59443","137.89202","無","上下線","指定無し","×","都道府県","無し","有","一般道",,,,"2020","202010","Ⅱ",,"町道増野切石線_1-37橋(29).xlsx-2020.xlsx，1-37橋(29).xlsx","桁と床版に鉄筋露出がみられ、橋台に遊離石灰がみられる。予防保全の観点から措置を講ずることが望ましい。",,,,,,,,,,,,,,,,,,,,,,,,,,,,,,,,,,,,,,,,,,,,,,,,,,,,,,,,,,,,,,,,,,,,,,"S55道示","Ａ種の橋",,,,,,"1",,,,,"未対策","未対策","未対策","未対策","未対策","未対策","未対策","未対策","未対策","未対策","未対策","竣工図なし","基礎の耐震補強照査を実施していない",,"液状化の想定されるエリア外の橋梁","個別判定","直橋","未実施",,,"26%以上",,,,,,,,,,,,,,,,,,,,,,,,,,,,,,,,,,,,,,,,,,
"35.59579,137.90507","BR0-204021-00033",,,,"1-38橋(59)","(1-38ﾊｼ)","町道１２０号線","市町村道","不明","1981～1990年",,,"6.0","1","3.8","③ＲＣ橋_ＲＣ床版橋（その他）","RC橋","床版橋","重力式橋台","直接基礎",,"市区町村","松川町","松川町","長野県","松川町","35.59579","137.90507","無","上下線","指定無し","×",,"無し","有","一般道",,,,"2024","202409","Ⅱ","町道120号線_1-38橋(59).xlsx","355957913790507_1-38橋(59)_2024.xlsx","・本橋は1980年に架設されたRC中実床版橋である。
・主桁の一部に幅0.3㎜のひびわれが見られ、予防保全の観点から措置を講ずることが望ましい状態にあると判断し、健全度Ⅱとした。

【上部構造】
・主桁の一部に幅0.3mmのひびわれが見られる。乾燥収縮等によるものと考えられる。前回時には見られなかったため、損傷が今後も進行する可能性が懸念される。予防保全の観点から措置を講ずることが望ましい。
・舗装中央部に33mmの段差が見られる。第三者への影響が懸念されるため、維持工事等にて措置を講ずることが望ましい。

【下部構造】
・概ね健全である。

【上下部接続部】
・概ね健全である。

【その他】
・概ね健全である。",,,,,,,,,,,,,,,,,,,,,,,,,,,,,,,,,,,,,,,,,,,,,,,,,,,,,,,,,,,,,,,,,,,,,,"S55道示","Ａ種の橋",,,,,,"1",,,,,"未対策","未対策","未対策","未対策","未対策","未対策","未対策","未対策","未対策","未対策","未対策","竣工図なし","基礎の耐震補強照査を実施していない",,"液状化の想定されるエリア外の橋梁","個別判定","直橋","未実施",,,"6%以上～26%未満",,,,,,,,,,,,,,,,,,,,,,,,,,,,,,,,,,,,,,,,,,
"35.59461,137.90399","BR0-204021-00034",,,,"1-39橋(74)","(1-39ﾊｼ)","町道１８２号線","市町村道","不明","1981～1990年",,,"7.0","1","2.8","③ＲＣ橋_ＲＣ床版橋（その他）","RC橋","床版橋","重力式橋台","直接基礎",,"市区町村","松川町","松川町","長野県","松川町","35.59461","137.90399","無","上下線","指定無し","×",,"無し","有","一般道",,,,"2022","202211","Ⅰ","町道182号線_1-39橋(74).xlsx.xlsx","町道182号線_1-39橋(74).xlsx","健全である。",,,,,,,,,,,,,,,,,,,,,,,,,,,,,,,,,,,,,,,,,,,,,,,,,,,,,,,,,,,,,,,,,,,,,,"S55道示","Ａ種の橋",,,,,,"1",,,,,"未対策","未対策","未対策","未対策","未対策","未対策","未対策","未対策","未対策","未対策","未対策","竣工図なし","基礎の耐震補強照査を実施していない",,"液状化の想定されるエリア外の橋梁","個別判定","直橋","未実施",,,"6%以上～26%未満",,,,,,,,,,,,,,,,,,,,,,,,,,,,,,,,,,,,,,,,,,
"35.59313,137.90384","BR0-204021-00035",,,,"1-40橋(7)","(1-40ﾊｼ)","町道（１級）大草線","市町村道","不明","1981～1990年",,,"7.0","1","5.5","③ＲＣ橋_ＲＣ床版橋（その他）","RC橋","床版橋","重力式橋台","直接基礎",,"市区町村","松川町","松川町","長野県","松川町","35.59313","137.90384","無","上下線","指定無し","×","都道府県","無し","有","一般道",,,,"2020","202010","Ⅱ",,"町道大草線_1-40橋(7).xlsx-2020.xlsx，1-40橋(7).xlsx","橋台に遊離石灰がみられる。支承部から遊離石灰が見られる。予防保全の観点から措置を講ずることが望ましい。",,,,,,,,,,,,,,,,,,,,,,,,,,,,,,,,,,,,,,,,,,,,,,,,,,,,,,,,,,,,,,,,,,,,,,"S55道示","Ａ種の橋",,,,,,"1",,,,,"未対策","未対策","未対策","未対策","未対策","未対策","未対策","未対策","未対策","未対策","未対策","竣工図なし","基礎の耐震補強照査を実施していない",,"液状化の想定されるエリア外の橋梁","個別判定","直橋","未実施",,,"26%以上",,,,,,,,,,,,,,,,,,,,,,,,,,,,,,,,,,,,,,,,,,
"35.59122,137.90525","BR0-204021-00036",,,,"1-41橋(61)","(1-41ﾊｼ)","町道１２３号線","市町村道","不明","1981～1990年",,,"7.0","1","3.0","③ＲＣ橋_ＲＣ床版橋（その他）","RC橋","床版橋","重力式橋台","直接基礎",,"市区町村","松川町","松川町","長野県","松川町","35.59122","137.90525","無","上下線","指定無し","×",,"無し","有","一般道",,,,"2021","202110","Ⅰ",,"26_町道123号線_1-41橋.xlsx","橋としての機能に支障が生じていない。",,,,,,,,,,,,,,,,,,,,,,,,,,,,,,,,,,,,,,,,,,,,,,,,,,,,,,,,,,,,,,,,,,,,,,"S55道示","Ａ種の橋",,,,,,"1",,,,,"未対策","未対策","未対策","未対策","未対策","未対策","未対策","未対策","未対策","未対策","未対策","竣工図なし","基礎の耐震補強照査を実施していない",,"液状化の想定されるエリア外の橋梁","個別判定","直橋","未実施",,,"26%以上",,,,,,,,,,,,,,,,,,,,,,,,,,,,,,,,,,,,,,,,,,
"35.59126,137.89891","BR0-204021-00037",,,,"1-42橋(75)","(1-42ﾊｼ)","町道１８３号線","市町村道","不明","1981～1990年",,,"4.1","1","5.5","③ＲＣ橋_ＲＣ床版橋（その他）","RC橋","床版橋","重力式橋台","直接基礎",,"市区町村","松川町","松川町","長野県","松川町","35.59126","137.89891","無","上下線","指定無し","×",,"無し","有","一般道",,,,"2024","202409","Ⅰ","町道183号線_1-42橋(75).xlsx","355912613789891_1-42橋(75)_2024.xlsx","・本橋は2012年に架設されたBOXカルバートである。
・主要部材は概ね健全であり、道路橋の機能に支障が生じていない状態であると判断し、健全度Ⅰとした。
・A1胸壁背面に40㎜の段差が見られ、第三者への影響が懸念されるため、維持工事等にて措置を講ずることが望ましい。

【上部構造】
・概ね健全である。
・A1胸壁背面に40㎜の段差が見られる。第三者への影響が懸念されるため、維持工事等にて措置を講ずることが望ましい。
・舗装の一部に幅10mmのひびわれが見られる。下面への影響が懸念されるため、維持工事等にて措置を講ずることが望ましい。

【下部構造】
・概ね健全である。

【その他】
・概ね健全である。",,,,,,,,,,,,,,,,,,,,,,,,,,,,,,,,,,,,,,,,,,,,,,,,,,,,,,,,,,,,,,,,,,,,,,"S55道示","Ａ種の橋",,,,,,"1",,,,,"未対策","未対策","未対策","未対策","未対策","未対策","未対策","未対策","未対策","未対策","未対策","竣工図なし","基礎の耐震補強照査を実施していない",,"液状化の想定されるエリア外の橋梁","個別判定","直橋","未実施",,,"26%以上",,,,,,,,,,,,,,,,,,,,,,,,,,,,,,,,,,,,,,,,,,
"35.58803,137.89499","BR0-204021-00038",,,,"1-43橋(81)","(1-43ﾊｼ)","町道２０４号線","市町村道","不明","1981～1990年",,,"6.5","1","4.5","③ＲＣ橋_ＲＣ床版橋（その他）","RC橋","床版橋","重力式橋台","直接基礎",,"市区町村","松川町","松川町","長野県","松川町","35.58803","137.89499","無","上下線","指定無し","×",,"無し","有","一般道",,,,"2022","202211","Ⅰ","町道204号線_1-43橋(81).xlsx.xlsx","町道204号線_1-43橋(81).xlsx","健全である。",,,,,,,,,,,,,,,,,,,,,,,,,,,,,,,,,,,,,,,,,,,,,,,,,,,,,,,,,,,,,,,,,,,,,,"S55道示","Ａ種の橋",,,,,,"1",,,,,"未対策","未対策","未対策","未対策","未対策","未対策","未対策","未対策","未対策","未対策","未対策","竣工図なし","基礎の耐震補強照査を実施していない",,"液状化の想定されるエリア外の橋梁","個別判定","直橋","未実施",,,"26%以上",,,,,,,,,,,,,,,,,,,,,,,,,,,,,,,,,,,,,,,,,,
"35.58708,137.89815","BR0-204021-00039",,,,"1-45橋(66)","(1-45ﾊｼ)","町道１４２号線","市町村道","不明","1981～1990年",,,"6.2","1","3.7","①鋼橋(ボルト又は鋼溶継手)_その他（鋼溶接橋）","鋼橋","床版橋","重力式橋台","直接基礎",,"市区町村","松川町","松川町","長野県","松川町","35.58708","137.89815","無","上下線","指定無し","×",,"無し","有","一般道",,,,"2021","202110","Ⅱ",,"27_町道142号線_1-45橋.xlsx","主桁、床版に腐食が見られる。予防保全の観点から措置を講ずることが望ましい。",,,,,,,,,,,,,,,,,,,,,,,,,,,,,,,,,,,,,,,,,,,,,,,,,,,,,,,,,,,,,,,,,,,,,,"S55道示","Ａ種の橋",,,,,,"1",,,,,"未対策","未対策","未対策","未対策","未対策","未対策","未対策","未対策","未対策","未対策","未対策","竣工図なし","基礎の耐震補強照査を実施していない",,"液状化の想定されるエリア外の橋梁","個別判定","直橋","未実施",,,"26%以上",,,,,,,,,,,,,,,,,,,,,,,,,,,,,,,,,,,,,,,,,,
"35.58613,137.90084","BR0-204021-00040",,,,"大明神橋(67)","(ﾀﾞｲﾐｮｳｼﾞﾝﾊﾞｼ)","町道１４３号線","市町村道","不明","1981～1990年",,,"7.0","1","4.0","③ＲＣ橋_ＲＣ床版橋（その他）","RC橋","床版橋","重力式橋台","直接基礎",,"市区町村","松川町","松川町","長野県","松川町","35.58613","137.90084","無","上下線","指定無し","×",,"無し","有","一般道",,,,"2021","202110","Ⅱ",,"28_町道143号線_大明神橋.xlsx","橋台に0.25㎜のひびわれが見られる。予防保全の観点から措置を講ずることが望ましい。",,,,,,,,,,,,,,,,,,,,,,,,,,,,,,,,,,,,,,,,,,,,,,,,,,,,,,,,,,,,,,,,,,,,,,"S55道示","Ａ種の橋",,,,,,"1",,,,,"未対策","未対策","未対策","未対策","未対策","未対策","未対策","未対策","未対策","未対策","未対策","竣工図なし","基礎の耐震補強照査を実施していない",,"液状化の想定されるエリア外の橋梁","個別判定","直橋","未実施",,,"26%以上",,,,,,,,,,,,,,,,,,,,,,,,,,,,,,,,,,,,,,,,,,
"35.58613,137.90085","BR0-204021-00041",,,,"1-47橋(68)","(1-47ﾊｼ)","町道１４３号線","市町村道","不明","1981～1990年",,,"6.4","1","2.5","①鋼橋(ボルト又は鋼溶継手)_その他（鋼溶接橋）","鋼橋","床版橋","重力式橋台","直接基礎",,"市区町村","松川町","松川町","長野県","松川町","35.58613","137.90085","無","上下線","指定無し","×",,"無し","有","一般道",,,,"2021","202110","Ⅱ",,"29_町道143号線_1-47橋.xlsx","全体的に腐食が見られる。予防保全の観点から措置を講ずることが望ましい。",,,,,,,,,,,,,,,,,,,,,,,,,,,,,,,,,,,,,,,,,,,,,,,,,,,,,,,,,,,,,,,,,,,,,,"S55道示","Ａ種の橋",,,,,,"1",,,,,"未対策","未対策","未対策","未対策","未対策","未対策","未対策","未対策","未対策","未対策","未対策","竣工図なし","基礎の耐震補強照査を実施していない",,"液状化の想定されるエリア外の橋梁","個別判定","直橋","未実施",,,"6%以上～26%未満",,,,,,,,,,,,,,,,,,,,,,,,,,,,,,,,,,,,,,,,,,
"35.58561,137.90254","BR0-204021-00042",,,,"1-48橋(69)","(1-48ﾊｼ)","町道１４４号線","市町村道","不明","1981～1990年",,,"7.0","1","2.6","①鋼橋(ボルト又は鋼溶継手)_その他（鋼溶接橋）","鋼橋",,"重力式橋台","直接基礎",,"市区町村","松川町","松川町","長野県","松川町","35.58561","137.90254","無","上下線","指定無し","×",,"無し","有","一般道",,,,"2022","202211","Ⅱ","町道144号線_1-48橋(69).xlsx.xlsx","町道144号線_1-48橋(69).xlsx","予防保全の観点から措置を講ずることが望ましい。",,,,,,,,,,,,,,,,,,,,,,,,,,,,,,,,,,,,,,,,,,,,,,,,,,,,,,,,,,,,,,,,,,,,,,"S55道示","Ａ種の橋",,,,,,"1",,,,,"未対策","未対策","未対策","未対策","未対策","未対策","未対策","未対策","未対策","未対策","未対策","竣工図なし","基礎の耐震補強照査を実施していない",,"液状化の想定されるエリア外の橋梁","個別判定","直橋","未実施",,,"26%以上",,,,,,,,,,,,,,,,,,,,,,,,,,,,,,,,,,,,,,,,,,
"35.58964,137.89988","BR0-204021-00043",,,,"境の沢橋(8)","(ｻｶｲﾉｻﾜﾊﾞｼ)","町道（１級）大草線","市町村道","2017",,,,"29.0","1","10.3","①鋼橋(ボルト又は鋼溶継手)_Ｉ桁（非合成）","鋼橋","桁橋(I桁)","逆Ｔ式橋台","場所打ぐい",,"市区町村","松川町","松川町","長野県","松川町","35.58964","137.89988","無","上下線","指定無し","×",,"無し","有","一般道",,"上水道",,"2022","202211","Ⅱ","町道大草線_境の沢橋(8).xlsx.xlsx","町道大草線_境の沢橋(8).xlsx","軽微な損傷。橋梁の機能に支障は生じていない。",,,,,,,,,,,,,,,,,,,,,,,,,,,,,,,,,,,,,,,,,,,,,,,,,,,,,,,,,,,,,,,,,,,,,,"S46耐震設計指針","Ａ種の橋",,,,,,"1",,,,,"未対策","未対策","未対策","未対策","未対策","未対策","未対策","未対策","未対策","未対策","未対策","竣工図あり","基礎の耐震補強照査を実施していない",,"液状化の想定されるエリア外の橋梁","個別判定","直橋","未実施",,,"26%以上",,,,,,,,,,,,,,,,,,,,,,,,,,,,,,,,,,,,,,,,,,
"35.58749,137.90571","BR0-204021-00044",,,,"1-50橋(62)","(1-50ﾊｼ)","町道１２８号線","市町村道","不明","1981～1990年",,,"5.3","1","3.0","③ＲＣ橋_ＲＣ床版橋（その他）","RC橋","床版橋","重力式橋台","直接基礎",,"市区町村","松川町","松川町","長野県","松川町","35.58749","137.90571","無","上下線","指定無し","×",,"無し","有","一般道",,,,"2021","202110","Ⅰ",,"30_町道128号線_1-50橋.xlsx","橋としての機能に支障が生じていない。",,,,,,,,,,,,,,,,,,,,,,,,,,,,,,,,,,,,,,,,,,,,,,,,,,,,,,,,,,,,,,,,,,,,,,"S55道示","Ａ種の橋",,,,,,"1",,,,,"未対策","未対策","未対策","未対策","未対策","未対策","未対策","未対策","未対策","未対策","未対策","竣工図なし","基礎の耐震補強照査を実施していない",,"液状化の想定されるエリア外の橋梁","個別判定","直橋","未実施",,,"26%以上",,,,,,,,,,,,,,,,,,,,,,,,,,,,,,,,,,,,,,,,,,
"35.58656,137.90636","BR0-204021-00045",,,,"1-51橋(27)","(1-51ﾊｼ)","町道（２級）神護原線","市町村道","不明","1981～1990年",,,"4.4","1","8.5","③ＲＣ橋_ＲＣ床版橋（その他）","RC橋","床版橋","重力式橋台","直接基礎",,"市区町村","松川町","松川町","長野県","松川町","35.58656","137.90636","無","上下線","指定無し","×",,"無し","有","一般道",,,,"2022","202211","Ⅱ","町道神護原線_1-51橋(27).xlsx.xlsx","町道神護原線_1-51橋(27).xlsx","三面張りの河川に架かる橋。橋台の欠損、主桁の打ち継ぎ目からのと伸縮装置からの漏水を確認した。損傷は軽微であるが予防保全の観点から措置を講ずることが望ましい。",,,,,,,,,,,,,,,,,,,,,,,,,,,,,,,,,,,,,,,,,,,,,,,,,,,,,,,,,,,,,,,,,,,,,,"S55道示","Ａ種の橋",,,,,,"1",,,,,"未対策","未対策","未対策","未対策","未対策","未対策","未対策","未対策","未対策","未対策","未対策","竣工図なし","基礎の耐震補強照査を実施していない",,"液状化の想定されるエリア外の橋梁","個別判定","直橋","未実施",,,"26%以上",,,,,,,,,,,,,,,,,,,,,,,,,,,,,,,,,,,,,,,,,,
"35.58597,137.90878","BR0-204021-00046",,,,"上唐沢橋(63)","(ｶﾐｶﾗｻﾜﾊｼ)","町道１３０号線","市町村道","1992",,,,"9.4","1","4.0","③ＲＣ橋_ＲＣ床版橋（その他）","RC橋","床版橋","重力式橋台","直接基礎",,"市区町村","松川町","松川町","長野県","松川町","35.58597","137.90878","無","上下線","指定無し","×",,"無し","有","一般道",,,,"2021","202110","Ⅰ",,"町道130号線_上唐沢橋(63).xlsx-2021.xlsx，31_町道130号線_上唐沢橋.xlsx","橋としての機能に支障が生じていない。",,,,,,,,,,,,,,,,,,,,,,,,,,,,,,,,,,,,,,,,,,,,,,,,,,,,,,,,,,,,,,,,,,,,,,"H2道示","Ａ種の橋",,,,,,"1",,,,,"未対策","未対策","未対策","未対策","未対策","未対策","未対策","未対策","未対策","未対策","未対策","竣工図なし","基礎の耐震補強照査を実施していない",,"液状化の想定されるエリア外の橋梁","個別判定","直橋","未実施",,,"6%以上～26%未満",,,,,,,,,,,,,,,,,,,,,,,,,,,,,,,,,,,,,,,,,,
"35.58580,137.90885","BR0-204021-00047",,,,"唐沢川橋(3)","(ｶﾗｻﾜｶﾞﾜﾊﾞｼ)","町道（１級）古町境の沢線","市町村道","1992",,,,"10.5","1","6.5","③ＲＣ橋_ＲＣ床版橋（その他）","RC橋","床版橋","重力式橋台","直接基礎",,"市区町村","松川町","松川町","長野県","松川町","35.58580","137.90885","無","上下線","指定無し","×","都道府県","無し","有","一般道",,,,"2020","202010","Ⅱ",,"町道古町境の沢線_唐沢川橋(3).xlsx-2020.xlsx，唐沢川橋(3).xlsx","橋台にひびわれが多数みられる　。予防保全の観点から措置を講ずることが望ましい。",,,,,,,,,,,,,,,,,,,,,,,,,,,,,,,,,,,,,,,,,,,,,,,,,,,,,,,,,,,,,,,,,,,,,,"H2道示","Ａ種の橋",,,,,,"1",,,,,"未対策","未対策","未対策","未対策","未対策","未対策","未対策","未対策","未対策","未対策","未対策","竣工図なし","基礎の耐震補強照査を実施していない",,"液状化の想定されるエリア外の橋梁","個別判定","直橋","未実施",,,"26%以上",,,,,,,,,,,,,,,,,,,,,,,,,,,,,,,,,,,,,,,,,,
"35.59059,137.91092","BR0-204021-00048",,,,"1-54橋(6)","(1-54ﾊｼ)","町道（１級）高田線","市町村道","不明","1981～1990年",,,"2.8","1","4.2","③ＲＣ橋_ＲＣ床版橋（その他）","RC橋","床版橋","重力式橋台","直接基礎",,"市区町村","松川町","松川町","長野県","松川町","35.59059","137.91092","無","上下線","指定無し","×",,"無し","有","一般道",,,,"2022","202211","Ⅰ","町道高田線_1-54橋(6).xlsx.xlsx","町道高田線_1-54橋(6).xlsx","健全である。",,,,,,,,,,,,,,,,,,,,,,,,,,,,,,,,,,,,,,,,,,,,,,,,,,,,,,,,,,,,,,,,,,,,,,"S55道示","Ａ種の橋",,,,,,"1",,,,,"未対策","未対策","未対策","未対策","未対策","未対策","未対策","未対策","未対策","未対策","未対策","竣工図なし","基礎の耐震補強照査を実施していない",,"液状化の想定されるエリア外の橋梁","個別判定","直橋","未実施",,,"6%以上～26%未満",,,,,,,,,,,,,,,,,,,,,,,,,,,,,,,,,,,,,,,,,,
"35.58818,137.91524","BR0-204021-00049",,,,"1-55橋(50)","(1-55ﾊｼ)","町道３７号線","市町村道","不明","1981～1990年",,,"2.4","1","15.0","③ＲＣ橋_ＲＣ床版橋（その他）","RC橋","床版橋","重力式橋台","直接基礎","○","市区町村","松川町","松川町","長野県","松川町","35.58818","137.91524","無","上下線","指定無し","×",,"無し","有","一般道",,,,"2024","202409","Ⅰ","町道37号線_1-55橋(50).xlsx","355881813791524_1-55橋(50)_2024.xlsx","・本橋は1980年に架設されたBOXカルバートである。
・主要部材は概ね健全であり、道路橋の機能に支障が生じていない状態であると判断し、健全度Ⅰとした。
・舗装の一部に幅15㎜のひびわれが見られ、維持工事等で措置を講ずることが望ましい。

【上部構造】
・概ね健全である。
・舗装に幅15㎜のひびわれが見られる。下面への影響が懸念されるため、維持工事等で措置を講ずることが望ましい。

【下部構造】
・概ね健全である。

【その他】
・概ね健全である。",,,,,,,,,,,,,,,,,,,,,,,,,,,,,,,,,,,,,,,,,,,,,,,,,,,,,,,,,,,,,,,,,,,,,,"S55道示","Ａ種の橋",,,,,,"1",,,,,"必要なし","必要なし","必要なし","必要なし","必要なし","必要なし","必要なし","必要なし","必要なし","必要なし","必要なし","竣工図なし",,,,,,,,,,,,,,,,,,,,,,,,,,,,,,,,,,,,,,,,,,,,,,,,,,,
"35.58841,137.91431","BR0-204021-00050",,,,"1-56橋(49)","(1-56ﾊｼ)","町道３７号線","市町村道","不明","1981～1990年",,,"3.4","1","29.0","③ＲＣ橋_ＲＣ床版橋（その他）","RC橋","床版橋","重力式橋台","直接基礎","○","市区町村","松川町","松川町","長野県","松川町","35.58841","137.91431","無","上下線","指定無し","×",,"無し","有","一般道",,,,"2024","202409","Ⅰ","町道37号線_1-56橋(49).xlsx","355884113791431_1-56橋(49)_2024.xlsx","・本橋は1980年に架設されたBOXカルバートである。
・主要部材は概ね健全であり、道路橋の機能に支障が生じていない状態であると判断し、健全度Ⅰとした。
・ 舗装の一部に幅20㎜のひびわれが見られ、維持工事等で措置を講ずることが望ましい。

【上部構造】
・概ね健全である。
・舗装の一部に幅20㎜のひびわれが見られる。下面への影響が懸念されるため、維持工事等で措置を講ずることが望ましい。

【下部構造】
・概ね健全である。

【その他】
・概ね健全である。",,,,,,,,,,,,,,,,,,,,,,,,,,,,,,,,,,,,,,,,,,,,,,,,,,,,,,,,,,,,,,,,,,,,,,"S55道示","Ａ種の橋",,,,,,"1",,,,,"必要なし","必要なし","必要なし","必要なし","必要なし","必要なし","必要なし","必要なし","必要なし","必要なし","必要なし","竣工図なし",,,,,,,,,,,,,,,,,,,,,,,,,,,,,,,,,,,,,,,,,,,,,,,,,,,
"35.58484,137.91050","BR0-204021-00051",,,,"唐沢橋(56)","(ｶﾗｻﾜﾊﾞｼ)","町道１０４号線","市町村道","1969",,,,"7.7","1","5.0","③ＲＣ橋_ＲＣ床版橋（その他）","RC橋","床版橋","重力式橋台","直接基礎",,"市区町村","松川町","松川町","長野県","松川町","35.58484","137.91050","無","上下線","指定無し","×",,"無し","有","一般道",,,,"2022","202212","Ⅰ","町道104号線_唐沢橋(56).xlsx.xlsx","2190_402_町道104号線_唐沢橋(56).xlsx","健全である。","○",,,,,,,,,,,,,,,,,,,,,,,,,,,,,,,,,,,,,,,,,,,,,,,,,,,,,,,,,,,,,,,,,,,,,"S46耐震設計指針より前","Ａ種の橋",,,,,,"1",,,,,"未対策","未対策","未対策","未対策","未対策","未対策","未対策","未対策","未対策","未対策","未対策","竣工図なし","基礎の耐震補強照査を実施していない",,"液状化の想定されるエリア外の橋梁","個別判定","直橋","未実施",,,"26%以上",,,,,,,,,,,,,,,,,,,,,,,,,,,,,,,,,,,,,,,,,,
"35.58415,137.91161","BR0-204021-00052",,,,"的場橋（4）","(ﾏﾄﾊﾞﾊﾞｼ(4)","町道（１級）古町境の沢線","市町村道","1974",,,,"30.0","1","5.5","①鋼橋(ボルト又は鋼溶継手)_Ｉ桁（非合成）","鋼橋","桁橋(I桁)","逆Ｔ式橋台","直接基礎",,"市区町村","松川町","松川町","長野県","松川町","35.58415","137.91161","無","上下線","指定無し","×",,"その他鉄道","有","一般道",,,,"2023","202310","Ⅲ",,"的場橋_町道古町境の沢線.XLSX","床版に孔食を伴う腐食が見られた。今後も雨水の供給が続けば損傷が拡大する可能性があるため、早急に措置を講ずるべきである。",,,,,,,,,,,,,,,"全体",,,,,"東海旅客鉄道",,,,,,,,,,,,,,,,,,,,,,,,,,,,,,,,,,,,,,,,,,,,,,,,,,"S46耐震設計指針","Ｂ種の橋",,,,,,"1",,,,,"未対策","未対策","未対策","未対策","未対策","未対策","未対策","未対策","未対策","未対策","未対策","竣工図なし","基礎の耐震補強照査を実施していない",,"液状化の想定されるエリア外の橋梁","個別判定","直橋","未実施",,,"6%以上～26%未満",,,,,,,,,,,,,,,,,,,,,,,,,,,,,,,,,,,,,,,,,,
"35.58401,137.91186","BR0-204021-00053",,,,"的場橋（5）","(ﾏﾄﾊﾞﾊﾞｼ(5)","町道（１級）古町境の沢線","市町村道","1974",,,,"23.0","1","5.5","①鋼橋(ボルト又は鋼溶継手)_Ｉ桁（非合成）","鋼橋","桁橋(I桁)","逆Ｔ式橋台","直接基礎",,"市区町村","松川町","松川町","長野県","松川町","35.58401","137.91186","無","上下線","指定無し","一次","都道府県","無し","有","一般道",,,,"2021","202203","Ⅰ","町道古町境の沢線_的場橋2(5).xlsx.xlsx","2192_402_町道古町境の沢線_的場橋(5).xlsx","橋の機能に支障なし","○",,,,,,,,,,,,,,,,,,,,,,,,,,,,,,,,,,,,,,,,,,,,,,,,,,,,,,,,,,,,,,,,,,,,,"S46耐震設計指針","Ｂ種の橋",,,,,,"1",,,,,"未対策","未対策","未対策","未対策","未対策","未対策","未対策","未対策","未対策","未対策","未対策","竣工図なし","基礎の耐震補強照査を実施していない",,"液状化の想定されるエリア外の橋梁","個別判定","直橋","未実施",,,"6%以上～26%未満",,,,,,,,,,,,,,,,,,,,,,,,,,,,,,,,,,,,,,,,,,
"35.58499,137.91248","BR0-204021-00054",,,,"1-60橋","(1ｰ60ｷﾖｳ)","町道４７号線","市町村道","1974",,,,"21.0","1","4.0","③ＲＣ橋_ＲＣ床版橋（その他）","RC橋","床版橋","重力式橋台","直接基礎",,"市区町村","松川町","松川町","長野県","松川町","35.58499","137.91248","無","上下線","指定無し","×",,"その他鉄道","有","一般道",,,,"2022","202211","Ⅱ","町道47号線_1-60橋2(53).xlsx.xlsx","町道47号線_1-60橋(53).xlsx","橋台02側の支承部の漏水が多い。予防保全の観点から措置を講ずることが望ましい。",,,,,,,,,,,,,,,,,,,,"東海旅客鉄道",,,,,,,,,,,,,,,,,,,,,,,,,,,,,,,,,,,,,,,,,,,,,,,,,,"S46耐震設計指針","Ｂ種の橋",,,,,,"1",,,,,"未対策","未対策","未対策","未対策","未対策","未対策","未対策","未対策","未対策","未対策","未対策","竣工図なし","基礎の耐震補強照査を実施していない",,"液状化の想定されるエリア外の橋梁","個別判定","直橋","未実施",,,"26%以上",,,,,,,,,,,,,,,,,,,,,,,,,,,,,,,,,,,,,,,,,,
"35.58436,137.91528","BR0-204021-00055",,,,"1-61橋","(1ｰ61ｷﾖｳ)","町道３３号線","市町村道","1974",,,,"20.0","1","7.0","③ＲＣ橋_ＲＣ床版橋（その他）","RC橋","床版橋","重力式橋台","直接基礎",,"市区町村","松川町","松川町","長野県","松川町","35.58436","137.91528","無","上下線","指定無し","×",,"無し","有","一般道",,,,"2022","202211","Ⅰ","町道33号線_1-61橋(48).xlsx.xlsx","町道33号線_1-61橋(48).xlsx","健全である。",,,,,,,,,,,,,,,,,,,,,,,,,,,,,,,,,,,,,,,,,,,,,,,,,,,,,,,,,,,,,,,,,,,,,,"S46耐震設計指針","Ａ種の橋",,,,,,"1",,,,,"未対策","未対策","未対策","未対策","未対策","未対策","未対策","未対策","未対策","未対策","未対策","竣工図なし","基礎の耐震補強照査を実施していない",,"液状化の想定されるエリア外の橋梁","個別判定","斜橋・曲線橋","未実施",,,"6%以上～26%未満",,,,,,,,,,,,,,,,,,,,,,,,,,,,,,,,,,,,,,,,,,
"35.58153,137.91700","BR0-204021-00056",,,,"1-62橋(52)","(1-62ﾊｼ)","町道４２号線","市町村道","不明","1981～1990年",,,"7.0","1","4.2","③ＲＣ橋_ＲＣ床版橋（その他）","RC橋","床版橋","重力式橋台","直接基礎",,"市区町村","松川町","松川町","長野県","松川町","35.58153","137.91700","無","上下線","指定無し","×",,"無し","有","一般道",,,,"2021","202110","Ⅰ",,"32_町道42号線_1-62橋.xlsx","橋としての機能に支障が生じていない。",,,,,,,,,,,,,,,,,,,,,,,,,,,,,,,,,,,,,,,,,,,,,,,,,,,,,,,,,,,,,,,,,,,,,,"S55道示","Ａ種の橋",,,,,,"1",,,,,"未対策","未対策","未対策","未対策","未対策","未対策","未対策","未対策","未対策","未対策","未対策","竣工図なし","基礎の耐震補強照査を実施していない",,"液状化の想定されるエリア外の橋梁","個別判定","直橋","未実施",,,"26%以上",,,,,,,,,,,,,,,,,,,,,,,,,,,,,,,,,,,,,,,,,,
"35.57867,137.91059","BR0-204021-00057",,,,"1-64橋(65)","(1-64ﾊｼ)","町道１３８号線","市町村道","不明","1981～1990年",,,"7.5","1","2.3","③ＲＣ橋_ＲＣ溝橋（ＢＯＸカルバート）","RC橋","溝橋(カルバート)","重力式橋台","直接基礎","○","市区町村","松川町","松川町","長野県","松川町","35.57867","137.91059","無","上下線","指定無し","×",,"無し","有","一般道",,,,"2022","202211","Ⅰ","町道138号線_1-64橋(65).xlsx.xlsx","町道138号線_1-64橋(65).xlsx","地覆に軽微な損傷。橋梁の機能に支障は生じていない。",,,,,,,,,,,,,,,,,,,,,,,,,,,,,,,,,,,,,,,,,,,,,,,,,,,,,,,,,,,,,,,,,,,,,,"S55道示","Ａ種の橋",,,,,,"1",,,,,"未対策","未対策","未対策","未対策","未対策","未対策","未対策","未対策","未対策","未対策","未対策","竣工図なし","基礎の耐震補強照査を実施していない",,"液状化の想定されるエリア外の橋梁","個別判定","直橋","未実施",,,"26%以上",,,,,,,,,,,,,,,,,,,,,,,,,,,,,,,,,,,,,,,,,,
"35.57562,137.91817","BR0-204021-00058",,,,"台城橋","(ﾀﾞｲｼﾞﾖｳﾊｼ)","町道（１級）古町境の沢線","市町村道","1972",,,,"69.0","2","4.6","①鋼橋(ボルト又は鋼溶継手)_箱桁（非合成）","鋼橋","桁橋(箱桁)","逆Ｔ式橋台","直接基礎",,"市区町村","松川町","松川町","長野県","松川町","35.57562","137.91817","無","上下線","指定無し","×",,"無し","有","一般道",,,,"2022","202301","Ⅱ","町道古町境の沢線_台城橋(1).xlsx.xlsx","2197_402_町道古町境の沢線_台城橋(1).xlsx","橋脚の摩耗し鉄筋露出が見られる経過監査しながら処置を講ずる必要がある。","○",,,,,,,,,,,,,,,,,,,,,,,,,,,,,,,,,,,,,,,,,,,,,,,,,,,,,,,,,,,,,,,,,"補修事業予定、中、完","決定","2022",,"S46耐震設計指針","Ａ種の橋",,,,,,"1",,,,,"未対策","未対策","未対策","未対策","未対策","未対策","未対策","未対策","未対策","未対策","未対策","竣工図なし","基礎の耐震補強照査を実施していない",,"液状化の想定されるエリア外の橋梁","個別判定",,,,,"26%以上",,,,,,,,,,,,,,,,,,,,,,,,,,,,,,,,,,,,,,,,,,
"35.59477,137.92557","BR0-204021-00059",,,,"1-66橋(47)","(1-66ﾊｼ)","町道２３号線","市町村道","不明","1981～1990年",,,"5.2","1","3.9","③ＲＣ橋_ＲＣ床版橋（その他）","RC橋","床版橋","重力式橋台","直接基礎",,"市区町村","松川町","松川町","長野県","松川町","35.59477","137.92557","無","上下線","指定無し","×","国","無し","有","一般道",,,,"2020","202011","Ⅰ",,"町道23号線_1-66橋(47).xlsx-2020.xlsx，1-66橋(47).xlsx","橋としての機能に支障が生じていない。",,,,,,,,,,,,,,,,,,,,,,,,,,,,,,,,,,,,,,,,,,,,,,,,,,,,,,,,,,,,,,,,,,,,,,"S55道示","Ａ種の橋",,,,,,"1",,,,,"未対策","未対策","未対策","未対策","未対策","未対策","未対策","未対策","未対策","未対策","未対策","竣工図なし","基礎の耐震補強照査を実施していない",,"液状化の想定されるエリア外の橋梁","個別判定","直橋","未実施",,,"26%以上",,,,,,,,,,,,,,,,,,,,,,,,,,,,,,,,,,,,,,,,,,
"35.59594,137.92699","BR0-204021-00060",,,,"1-67橋(46)","(1-67ﾊｼ)","町道２２号線","市町村道","不明","1981～1990年",,,"5.1","1","3.6","③ＲＣ橋_ＲＣ床版橋（その他）","RC橋","床版橋","重力式橋台","直接基礎",,"市区町村","松川町","松川町","長野県","松川町","35.59594","137.92699","無","上下線","指定無し","×","国","無し","有","一般道",,,,"2020","202011","Ⅱ",,"町道22号線_1-67橋(46).xlsx-2020.xlsx，1-67橋(46).xlsx","パラペット背面に段差が生じている。予防保全の観点から措置を講ずることが望ましい。",,,,,,,,,,,,,,,,,,,,,,,,,,,,,,,,,,,,,,,,,,,,,,,,,,,,,,,,,,,,,,,,,,,,,,"S55道示","Ａ種の橋",,,,,,"1",,,,,"未対策","未対策","未対策","未対策","未対策","未対策","未対策","未対策","未対策","未対策","未対策","竣工図なし","基礎の耐震補強照査を実施していない",,"液状化の想定されるエリア外の橋梁","個別判定","直橋","未実施",,,"26%以上",,,,,,,,,,,,,,,,,,,,,,,,,,,,,,,,,,,,,,,,,,
"35.59245,137.89638","BR0-204021-00061",,,,"1-68橋(79)","(1-68ﾊｼ)","町道２００号線","市町村道","不明","1981～1990年",,,"7.0","1","3.0","③ＲＣ橋_ＲＣ床版橋（その他）","RC橋","床版橋","重力式橋台","直接基礎",,"市区町村","松川町","松川町","長野県","松川町","35.59245","137.89638","無","上下線","指定無し","×",,"無し","有","一般道",,,,"2022","202211","Ⅱ","町道200号線_1-68橋(79).xlsx.xlsx","町道200号線_1-68橋(79).xlsx","予防保全の観点から措置を講ずることが望ましい。",,,,,,,,,,,,,,,,,,,,,,,,,,,,,,,,,,,,,,,,,,,,,,,,,,,,,,,,,,,,,,,,,,,,,,"S55道示","Ａ種の橋",,,,,,"1",,,,,"未対策","未対策","未対策","未対策","未対策","未対策","未対策","未対策","未対策","未対策","未対策","竣工図なし","基礎の耐震補強照査を実施していない",,"液状化の想定されるエリア外の橋梁","個別判定","斜橋・曲線橋","未実施",,,"6%以上～26%未満",,,,,,,,,,,,,,,,,,,,,,,,,,,,,,,,,,,,,,,,,,
"35.59983,137.92496","BR0-204021-00062",,,,"藤本橋","(ﾌｼﾞﾓﾄﾊﾞｼ)","町道１０号線","市町村道","1997",,,,"19.0","1","4.0","④ＰＣ橋_プレテン床版","PC橋","床版橋","逆Ｔ式橋台","直接基礎",,"市区町村","松川町","松川町","長野県","松川町","35.59983","137.92496","無","上下線","指定無し","二次","都道府県","無し","有","一般道",,,,"2022","202211","Ⅱ","町道10号線_藤本橋(44).xlsx.xlsx","町道10号線_藤本橋(44).xlsx","橋台02側面に漏水・遊離石灰がみられる。予防保全の観点から措置を講ずることが望ましい。",,,,,,,,,,,,,,,,,,,,,,,,,,,,,,,,,,,,,,,,,,,,,,,,,,,,,,,,,,,,,,,,,,,,,,"H8道示（復旧仕様含む）","Ｂ種の橋",,,,,,"1",,,,,"不要","不要","不要","不要","不要","不要","不要","不要","不要","不要","不要","竣工図なし","基礎の耐震補強照査を実施していない",,"液状化の想定されるエリア外の橋梁","損傷度Ⅳ又はⅢ以下","直橋","未実施",,,"6%以上～26%未満",,,,,,,,,,,,,,,,,,,,,,,,,,,,,,,,,,,,,,,,,,
"35.60063,137.88537","BR0-204021-00064",,,,"1-71橋(86)","(1-71ﾊｼ)","町道２４１号線","市町村道","1984",,,,"8.2","1","3.0","③ＲＣ橋_ＲＣ床版橋（その他）","RC橋","床版橋","重力式橋台","直接基礎",,"市区町村","松川町","松川町","長野県","松川町","35.60063","137.88537","無","上下線","指定無し","×",,"無し","有","一般道",,,,"2022","202211","Ⅱ","町道241号線_1-71橋(86).xlsx.xlsx","町道241号線_1-71橋(86).xlsx","主桁全体に腐食みられる予防保全の観点から措置を講ずることが望ましい。",,,,,,,,,,,,,,,,,,,,,,,,,,,,,,,,,,,,,,,,,,,,,,,,,,,,,,,,,,,,,,,,,,,,,,"S55道示","Ａ種の橋",,,,,,"1",,,,,"未対策","未対策","未対策","未対策","未対策","未対策","未対策","未対策","未対策","未対策","未対策","竣工図なし","基礎の耐震補強照査を実施していない",,"液状化の想定されるエリア外の橋梁","個別判定","直橋","未実施",,,"26%以上",,,,,,,,,,,,,,,,,,,,,,,,,,,,,,,,,,,,,,,,,,
"35.58958,137.90719","BR0-204021-00065",,,,"1-72橋(60)","(1-72ﾊｼ)","町道１２２号線","市町村道","不明","1981～1990年",,,"7.0","1","3.0","③ＲＣ橋_ＲＣ床版橋（その他）","RC橋","床版橋","重力式橋台","直接基礎",,"市区町村","松川町","松川町","長野県","松川町","35.58958","137.90719","無","上下線","指定無し","×",,"無し","有","一般道",,,,"2021","202110","Ⅰ",,"33_町道122号線_1-72橋.xlsx","橋としての機能に支障が生じていないが、地覆に欠損が見られる。",,,,,,,,,,,,,,,,,,,,,,,,,,,,,,,,,,,,,,,,,,,,,,,,,,,,,,,,,,,,,,,,,,,,,,"S55道示","Ａ種の橋",,,,,,"1",,,,,"未対策","未対策","未対策","未対策","未対策","未対策","未対策","未対策","未対策","未対策","未対策","竣工図なし","基礎の耐震補強照査を実施していない",,"液状化の想定されるエリア外の橋梁","個別判定","直橋","未実施",,,"26%以上",,,,,,,,,,,,,,,,,,,,,,,,,,,,,,,,,,,,,,,,,,
"35.58883,137.90699","BR0-204021-00066",,,,"1-73橋(94)","(1-73ﾊｼ)","町道３０７号線","市町村道","不明","1991～2000年",,,"6.6","1","3.0","③ＲＣ橋_ＲＣ床版橋（その他）","RC橋","床版橋","重力式橋台","直接基礎",,"市区町村","松川町","松川町","長野県","松川町","35.58883","137.90699","無","上下線","指定無し","×",,"無し","有","一般道",,,,"2022","202211","Ⅰ","町道307号線_1-73橋(93).xlsx.xlsx","町道307号線_1-73橋(94).xlsx","健全である。","○",,,,,,,,,,,,,,,,,,,,,,,,,,,,,,,,,,,,,,,,,,,,,,,,,,,,,,,,,,,,,,,,,,,,,"H2道示","Ａ種の橋",,,,,,"1",,,,,"未対策","未対策","未対策","未対策","未対策","未対策","未対策","未対策","未対策","未対策","未対策","竣工図なし","基礎の耐震補強照査を実施していない",,"液状化の想定されるエリア外の橋梁","個別判定","直橋","未実施",,,"26%以上",,,,,,,,,,,,,,,,,,,,,,,,,,,,,,,,,,,,,,,,,,
"35.61566,137.86869","BR0-204021-00067",,,,"鹿久保橋","(ｼｶｸﾎﾞﾊｼ)","町道３０５号線","市町村道","1983",,,,"36.0","1","6.5","④ＰＣ橋_プレテンＴ桁","PC橋","桁橋(T桁)","逆Ｔ式橋台","直接基礎",,"市区町村","松川町","松川町","長野県","松川町","35.61566","137.86869","無","上下線","指定無し","×","都道府県","無し","有","一般道",,,,"2020","202009","Ⅱ",,"町道305号線_鹿久保橋(93).xlsx-2020.xlsx，鹿久保橋(93).xlsx","桁に0.25㎜以上のひびわれが多くみられ、床版に遊離石灰、鉄筋露出がみられる。橋台にひびわれが生じている。予防保全の観点から措置を講ずることが望ましい。",,,,,,,,,,,,,,,,,,,,,,,,,,,,,,,,,,,,,,,,,,,,,,,,,,,,,,,,,,,,,,,,,,,,,,"S55道示","Ａ種の橋",,,,,,"1",,,,,"未対策","未対策","未対策","未対策","未対策","未対策","未対策","未対策","未対策","未対策","未対策","竣工図なし","基礎の耐震補強照査を実施していない",,"液状化の想定されるエリア外の橋梁","個別判定","直橋","未実施",,,"26%以上",,,,,,,,,,,,,,,,,,,,,,,,,,,,,,,,,,,,,,,,,,
"35.58591,137.91144","BR0-204021-00068",,,,"1-75橋(64)","(1-75ﾊｼ)","町道１３１号線","市町村道","1991",,,,"2.0","1","4.3","③ＲＣ橋_ＲＣ床版橋（その他）","RC橋","床版橋","重力式橋台","直接基礎",,"市区町村","松川町","松川町","長野県","松川町","35.58591","137.91144","無","上下線","指定無し","×",,"無し","有","一般道",,,,"2024","202409","Ⅱ","町道131号線_1-75橋(64).xlsx","355859113791144_1-75橋(64)_2024.xlsx","・本橋は1991年に架設されたRC中実床版橋である。
・橋台の一部に幅1.0㎜のひびわれが見られ、予防保全の観点から措置を講ずることが望ましい状態にあると判断し、健全度Ⅱとした。

【上部構造】
・概ね健全である。
・A2胸壁背面に25㎜の段差が見られる。第三者への影響が懸念されるため、維持工事等にて措置を講ずることが望ましい。

【下部構造】
・A1，A2橋台の一部に幅1.0㎜のひびわれが見られる。乾燥収縮等によるものと考えられる。前回時には見られなかったため、今後も損傷の進行が懸念される。予防保全の観点から措置を講ずることが望ましい。

【上下部接続部】
・概ね健全である。

【その他】
・概ね健全である。",,,,,,,,,,,,,,,,,,,,,,,,,,,,,,,,,,,,,,,,,,,,,,,,,,,,,,,,,,,,,,,,,,,,,,"H2道示","Ａ種の橋",,,,,,"1",,,,,"未対策","未対策","未対策","未対策","未対策","未対策","未対策","未対策","未対策","未対策","未対策","竣工図なし","基礎の耐震補強照査を実施していない",,"液状化の想定されるエリア外の橋梁","個別判定","直橋","未実施",,,"6%以上～26%未満",,,,,,,,,,,,,,,,,,,,,,,,,,,,,,,,,,,,,,,,,,
"35.59148,137.89785","BR0-204021-00069",,,,"南郷橋","(ﾅﾝｺﾞｳﾊﾞｼ)","町道３０４号線","市町村道","2001",,,,"17.0","1","8.5","④ＰＣ橋_プレテン床版","PC橋","床版橋","逆Ｔ式橋台","直接基礎",,"市区町村","松川町","松川町","長野県","松川町","35.59148","137.89785","無","上下線","指定無し","×","都道府県","無し","有","一般道",,,,"2020","202010","Ⅱ",,"町道304号線_南郷橋(92).xlsx-2020.xlsx，南郷橋(92).xlsx","主桁に局所的に遊離石灰が見られ、橋台にひびわれが生じている。予防保全の観点から措置を講ずることが望ましい。",,,,,,,,,,,,,,,,,,,,,,,,,,,,,,,,,,,,,,,,,,,,,,,,,,,,,,,,,,,,,,,,,,,,,,"H8道示（復旧仕様含む）","Ａ種の橋",,,,,,"1",,,,,"不要","不要","不要","不要","不要","不要","不要","不要","不要","不要","不要","竣工図なし","基礎の耐震補強照査を実施していない",,"液状化の想定されるエリア外の橋梁","損傷度Ⅳ又はⅢ以下","斜橋・曲線橋","未実施",,,"6%以上～26%未満",,,,,,,,,,,,,,,,,,,,,,,,,,,,,,,,,,,,,,,,,,
"35.58778,137.89581","BR0-204021-00070",,,,"1-77橋(80)","(1-77ﾊｼ)","町道２０３号線","市町村道","不明","1981～1990年",,,"4.7","1","8.0","③ＲＣ橋_ＲＣ床版橋（その他）","RC橋","床版橋","重力式橋台","直接基礎",,"市区町村","松川町","松川町","長野県","松川町","35.58778","137.89581","無","上下線","指定無し","×",,"無し","有","一般道",,,,"2024","202409","Ⅱ","町道203号線_1-77橋(80).xlsx","355877813789581_1-77橋(80)_2024.xlsx","・本橋は1980年に架設されたBOXカルバートである。
・主桁の一部に目地部からの漏水が見られ、予防保全の観点から措置を講ずることが望ましい状態にあると判断し、健全度Ⅱとした。

【上部構造】
・主桁の一部に目地部からの漏水が見られる。橋面からの水分の供給等によるものと考えられる。前回時にも見られたため、進行はしていないと判断できる。予防保全の観点から措置を講ずることが望ましい。
・舗装の一部に幅5.0㎜のひびわれが見られる。下面への影響が懸念されるため、維持工事等にて措置を講ずることが望ましい。
・舗装の一部に占用物が見られる。第三者への影響が懸念されるため、維持工事等にて措置を講ずることが望ましい。

【下部構造】
・概ね健全である。",,,,,,,,,,,,,,,,,,,,,,,,,,,,,,,,,,,,,,,,,,,,,,,,,,,,,,,,,,,,,,,,,,,,,,"S55道示","Ａ種の橋",,,,,,"1",,,,,"未対策","未対策","未対策","未対策","未対策","未対策","未対策","未対策","未対策","未対策","未対策","竣工図なし","基礎の耐震補強照査を実施していない",,"液状化の想定されるエリア外の橋梁","個別判定","直橋","未実施",,,"26%以上",,,,,,,,,,,,,,,,,,,,,,,,,,,,,,,,,,,,,,,,,,
"35.60498,137.89099","BR0-204021-00071",,,,"1-78橋(51)","(1-78ﾊｼ)","町道３３３号線","市町村道","不明","1991～2000年",,,"3.0","1","6.2","③ＲＣ橋_ＲＣ床版橋（その他）","RC橋","床版橋","重力式橋台","直接基礎",,"市区町村","松川町","松川町","長野県","松川町","35.60498","137.89099","無","上下線","指定無し","×",,"無し","有","一般道",,,,"2022","202210","Ⅰ","町道333号線_1-78橋(51).xlsx.xlsx","町道333号線_1-78橋(51).xlsx","健全である。",,,,,,,,,,,,,,,,,,,,,,,,,,,,,,,,,,,,,,,,,,,,,,,,,,,,,,,,,,,,,,,,,,,,,,"H2道示","Ａ種の橋",,,,,,"1",,,,,"未対策","未対策","未対策","未対策","未対策","未対策","未対策","未対策","未対策","未対策","未対策","竣工図なし","基礎の耐震補強照査を実施していない",,"液状化の想定されるエリア外の橋梁","個別判定","直橋","未実施",,,"26%以上",,,,,,,,,,,,,,,,,,,,,,,,,,,,,,,,,,,,,,,,,,
"35.59875,137.90595","BR0-204021-00072",,,,"1-79橋(134)","(1-79ﾊｼ)","町道１５９号線","市町村道","不明","1981～1990年",,,"2.0","1","4.0","③ＲＣ橋_ＲＣ床版橋（その他）","RC橋","床版橋","重力式橋台","直接基礎",,"市区町村","松川町","松川町","長野県","松川町","35.59875","137.90595","無","上下線","指定無し","×",,"無し","有","一般道",,,,"2022","202210","Ⅱ","町道159号線_1-79橋(134).xlsx.xlsx","町道159号線_1-79橋(134).xlsx","主桁02デッキプレート床版全体に腐食がみられる。予防保全の観点から措置を講ずることが望ましい。",,,,,,,,,,,,,,,,,,,,,,,,,,,,,,,,,,,,,,,,,,,,,,,,,,,,,,,,,,,,,,,,,,,,,,"S55道示","Ａ種の橋",,,,,,"1",,,,,"未対策","未対策","未対策","未対策","未対策","未対策","未対策","未対策","未対策","未対策","未対策","竣工図なし","基礎の耐震補強照査を実施していない",,"液状化の想定されるエリア外の橋梁","個別判定","直橋","未実施",,,"26%以上",,,,,,,,,,,,,,,,,,,,,,,,,,,,,,,,,,,,,,,,,,
"35.63138,137.88974","BR0-204021-00074",,,,"2-1(2)橋(33)","(2-1(2)ﾊｼ)","町道丈源田線","市町村道","不明","1981～1990年",,,"5.0","1","3.5","③ＲＣ橋_ＲＣ床版橋（その他）","RC橋","床版橋","重力式橋台","直接基礎",,"市区町村","松川町","松川町","長野県","松川町","35.63138","137.88974","無","上下線","指定無し","×",,"無し","有","一般道",,,,"2024","202409","Ⅰ","町道丈源田線_2-1(2)橋(33).xlsx","356313813788974_2-1(2)橋(33)_2024.xlsx","・本橋は1980年に架設されたRC中実床版橋である。
・主要部材は概ね健全であり、道路橋の機能に支障が生じていない状態であると判断し、健全度Ⅰとした。
・A1胸壁背面に20mmの段差が見られ、第三者への影響が懸念されるため、維持工事等にて措置を講ずることが望ましい。

【上部構造】　
・概ね健全である。
・A1胸壁背面に20mmの段差が見られ、第三者への影響が懸念されるため、維持工事等にて措置を講ずることが望ましい。

【下部構造】　
・概ね健全である。

【上下部接続部】
・概ね健全である。

【その他】
概ね健全である。",,,,,,,,,,,,,,,,,,,,,,,,,,,,,,,,,,,,,,,,,,,,,,,,,,,,,,,,,,,,,,,,,,,,,,"S55道示","Ａ種の橋",,,,,,"1",,,,,"未対策","未対策","未対策","未対策","未対策","未対策","未対策","未対策","未対策","未対策","未対策","竣工図なし","基礎の耐震補強照査を実施していない",,"液状化の想定されるエリア外の橋梁","個別判定","直橋","未実施",,,"6%以上～26%未満",,,,,,,,,,,,,,,,,,,,,,,,,,,,,,,,,,,,,,,,,,
"35.63177,137.88929","BR0-204021-00075",,,,"2-1(1)橋(122)","(2-1(1)ﾊｼ)","町道丈源田線","市町村道","不明","1981～1990年",,,"2.1","1","3.3","③ＲＣ橋_ＲＣ床版橋（その他）","RC橋","床版橋","重力式橋台","直接基礎",,"市区町村","松川町","松川町","長野県","松川町","35.63177","137.88929","無","上下線","指定無し","×",,"無し","有","一般道",,,,"2022","202210","Ⅰ","町道丈源田線_2-1(1)橋(122).xlsx.xlsx","町道丈源田線_2-1(1)橋(122).xlsx","健全である。",,,,,,,,,,,,,,,,,,,,,,,,,,,,,,,,,,,,,,,,,,,,,,,,,,,,,,,,,,,,,,,,,,,,,,"S55道示","Ａ種の橋",,,,,,"1",,,,,"未対策","未対策","未対策","未対策","未対策","未対策","未対策","未対策","未対策","未対策","未対策","竣工図なし","基礎の耐震補強照査を実施していない",,"液状化の想定されるエリア外の橋梁","個別判定","直橋","未実施",,,"6%以上～26%未満",,,,,,,,,,,,,,,,,,,,,,,,,,,,,,,,,,,,,,,,,,
"35.63195,137.89436","BR0-204021-00076",,,,"2-2橋(101)","(2-2ﾊｼ)","町道１３３号線","市町村道","不明","1981～1990年",,,"3.3","1","2.7","③ＲＣ橋_ＲＣ床版橋（その他）","RC橋","床版橋","重力式橋台","直接基礎","○","市区町村","松川町","松川町","長野県","松川町","35.63195","137.89436","無","上下線","指定無し","×",,"無し","有","一般道",,,,"2021","202110","Ⅰ",,"01_町道133号線_2-2橋.xlsx","橋としての機能に支障が生じていない。",,,,,,,,,,,,,,,,,,,,,,,,,,,,,,,,,,,,,,,,,,,,,,,,,,,,,,,,,,,,,,,,,,,,,,"S55道示","Ａ種の橋",,,,,,"1",,,,,"必要なし","必要なし","必要なし","必要なし","必要なし","必要なし","必要なし","必要なし","必要なし","必要なし","必要なし","竣工図なし",,,,,,,,,,,,,,,,,,,,,,,,,,,,,,,,,,,,,,,,,,,,,,,,,,,
"35.63190,137.89485","BR0-204021-00077",,,,"2-3橋(100)","(2-3ﾊｼ)","町道１３１号線","市町村道","不明","1981～1990年",,,"4.6","1","6.0","③ＲＣ橋_ＲＣ床版橋（その他）","RC橋","床版橋","重力式橋台","直接基礎",,"市区町村","松川町","松川町","長野県","松川町","35.63190","137.89485","無","上下線","指定無し","×",,"無し","有","一般道",,,,"2021","202110","Ⅱ",,"02_町道131号線_2-3橋.xlsx","主桁、橋台に0.25㎜以上のひびわれが見られる。予防保全の観点から措置を講ずることが望ましい。",,,,,,,,,,,,,,,,,,,,,,,,,,,,,,,,,,,,,,,,,,,,,,,,,,,,,,,,,,,,,,,,,,,,,,"S55道示","Ａ種の橋",,,,,,"1",,,,,"未対策","未対策","未対策","未対策","未対策","未対策","未対策","未対策","未対策","未対策","未対策","竣工図なし","基礎の耐震補強照査を実施していない",,"液状化の想定されるエリア外の橋梁","個別判定","斜橋・曲線橋","未実施",,,"6%以上～26%未満",,,,,,,,,,,,,,,,,,,,,,,,,,,,,,,,,,,,,,,,,,
"35.62975,137.89433","BR0-204021-00078",,,,"上片桐第二橋","(ｶﾐｶﾀｷﾞﾘﾀﾞｲ2ｷﾖｳ)","町道（２級）丈源田線","市町村道","1974",,,,"39.0","3","5.5","④ＰＣ橋_ラーメン橋","PC橋","ラーメン橋","逆Ｔ式橋台","直接基礎",,"市区町村","松川町","松川町","長野県","松川町","35.62975","137.89433","無","上下線","指定無し","一次","高速道路会社","無し","有","一般道",,,,"2021","202111","Ⅱ",,"01_町道（2級）丈源田線_上片桐第二橋.xlsx","2020年度に補修工事が施工されているが、主桁下面からの漏水・遊離石灰が見られる。第三者被害防止の観点から原因究明および対策が必要と考える。",,,,,,,,,,,,,,,,,,,,,,,,,,,,,,,,,,,,,,,,,,,,,,,,,,,,,,,,,,,,,,,,,,,,,,"S46耐震設計指針","Ｂ種の橋",,,,,,"1",,,,,"未対策","未対策","未対策","未対策","未対策","未対策","未対策","未対策","未対策","未対策","未対策","竣工図なし","基礎の耐震補強照査を実施していない",,"液状化の想定されるエリア外の橋梁","個別判定",,,,,"6%以上～26%未満","①4道路橋（市区町村）",,"1.今後も継続して利用",,,"NEXCO中日本","名古屋支社","飯田（保）","高速","中央自動車道","駒ケ根","松川","233.352","○",,"実施",,"近接目視・打音検査（H25以前）","点検状況を報告していない","201211","不要","－","－","－","－","－","－",,,,"落橋・倒壊を防ぐレベルで完了",,,,,,,,,,,
"35.63179,137.89542","BR0-204021-00079",,,,"2-5橋(34)","(2-5ﾊｼ)","町道吉原線","市町村道","不明","1981～1990年",,,"4.9","1","3.5","③ＲＣ橋_ＲＣ床版橋（その他）","RC橋","床版橋","重力式橋台","直接基礎",,"市区町村","松川町","松川町","長野県","松川町","35.63179","137.89542","無","上下線","指定無し","×",,"無し","有","一般道",,,,"2021","202110","Ⅱ",,"03_町道吉原線_2-5橋.xlsx","主桁に鉄筋露出が見いられる。予防保全の観点から措置を講ずることが望ましい。",,,,,,,,,,,,,,,,,,,,,,,,,,,,,,,,,,,,,,,,,,,,,,,,,,,,,,,,,,,,,,,,,,,,,,"S55道示","Ａ種の橋",,,,,,"1",,,,,"未対策","未対策","未対策","未対策","未対策","未対策","未対策","未対策","未対策","未対策","未対策","竣工図なし","基礎の耐震補強照査を実施していない",,"液状化の想定されるエリア外の橋梁","個別判定","直橋","未実施",,,"26%以上",,,,,,,,,,,,,,,,,,,,,,,,,,,,,,,,,,,,,,,,,,
"35.63116,137.89866","BR0-204021-00080",,,,"2-6橋(99)","(2-6ﾊｼ)","町道１１６号線","市町村道","不明","1981～1990年",,,"3.8","1","3.9","③ＲＣ橋_ＲＣ床版橋（その他）","RC橋","床版橋","重力式橋台","直接基礎",,"市区町村","松川町","松川町","長野県","松川町","35.63116","137.89866","無","上下線","指定無し","×",,"無し","有","一般道",,,,"2021","202110","Ⅰ",,"04_町道116号線_2-6橋.xlsx","橋としての機能に支障を生じていない。",,,,,,,,,,,,,,,,,,,,,,,,,,,,,,,,,,,,,,,,,,,,,,,,,,,,,,,,,,,,,,,,,,,,,,"S55道示","Ａ種の橋",,,,,,"1",,,,,"未対策","未対策","未対策","未対策","未対策","未対策","未対策","未対策","未対策","未対策","未対策","竣工図なし","基礎の耐震補強照査を実施していない",,"液状化の想定されるエリア外の橋梁","個別判定","斜橋・曲線橋","未実施",,,"6%以上～26%未満",,,,,,,,,,,,,,,,,,,,,,,,,,,,,,,,,,,,,,,,,,
"35.62977,137.90073","BR0-204021-00081",,,,"2-8橋(98)","(2-8ﾊｼ)","町道８４号線","市町村道","不明","1981～1990年",,,"3.4","1","6.0","③ＲＣ橋_ＲＣ床版橋（その他）","RC橋","床版橋","重力式橋台","直接基礎",,"市区町村","松川町","松川町","長野県","松川町","35.62977","137.90073","無","上下線","指定無し","×",,"無し","有","一般道",,,,"2021","202110","Ⅱ",,"05_町道84号線_2-8橋.xlsx","主桁に鉄筋露出、橋台にひびわれ、遊離石灰が見られる。予防保全の観点から措置を講ずることが望ましい。",,,,,,,,,,,,,,,,,,,,,,,,,,,,,,,,,,,,,,,,,,,,,,,,,,,,,,,,,,,,,,,,,,,,,,"S55道示","Ａ種の橋",,,,,,"1",,,,,"未対策","未対策","未対策","未対策","未対策","未対策","未対策","未対策","未対策","未対策","未対策","竣工図なし","基礎の耐震補強照査を実施していない",,"液状化の想定されるエリア外の橋梁","個別判定","直橋","未実施",,,"6%以上～26%未満",,,,,,,,,,,,,,,,,,,,,,,,,,,,,,,,,,,,,,,,,,
"35.62726,137.89301","BR0-204021-00082",,,,"上片桐第一橋","(ｶﾐｶﾀｷﾞﾘﾀﾞｲ1ｷﾖｳ)","町道１４０号線","市町村道","1974",,,,"42.0","3","4.0","④ＰＣ橋_ラーメン橋","PC橋","ラーメン橋","逆Ｔ式橋台","直接基礎",,"市区町村","松川町","松川町","長野県","松川町","35.62726","137.89301","無","上下線","指定無し","一次","高速道路会社","無し","有","一般道",,,,"2021","202111","Ⅱ",,"02_町道140号線_上片桐第一橋.xlsx","橋軸直角方向のひびわれおよび主桁下面からの漏水があり引続き注視が必要である。舗装や排水管の変状は第三者被害の観点から早期に補修が必要である。",,,,,,,,,,,,,,,,,,,,,,,,,,,,,,,,,,,,,,,,,,,,,,,,,,,,,,,,,,,,,,,,,,,,,,"S46耐震設計指針","Ｂ種の橋",,,,,,"1",,,,,"未対策","未対策","未対策","未対策","未対策","未対策","未対策","未対策","未対策","未対策","未対策","竣工図なし","基礎の耐震補強照査を実施していない",,"液状化の想定されるエリア外の橋梁","個別判定",,,,,"6%以上～26%未満","①4道路橋（市区町村）",,"1.今後も継続して利用",,,"NEXCO中日本","名古屋支社","飯田（保）","高速","中央自動車道","駒ケ根","松川","233.653","○",,"実施","○","遠方目視（H25以前","点検状況を報告していない","201005","不要","－","－","－","－","－","－",,,,"落橋・倒壊を防ぐレベルで完了",,,,,,,,,,,
"35.61964,137.88490","BR0-204021-00083",,,,"紅葉橋(107)","(ﾓﾐｼﾞﾊﾞｼ)","町道１６５号線","市町村道","2000",,,,"8.5","1","3.5","③ＲＣ橋_ＲＣ床版橋（その他）","RC橋","床版橋","重力式橋台","直接基礎",,"市区町村","松川町","松川町","長野県","松川町","35.61964","137.88490","無","上下線","指定無し","×",,"無し","有","一般道",,,,"2022","202210","Ⅱ","町道165号線_紅葉橋(107).xlsx.xlsx","町道165号線_紅葉橋(107).xlsx","橋台02に漏水・遊離石灰がみられる。予防保全の観点から措置を講ずることが望ましい。",,,,,,,,,,,,,,,,,,,,,,,,,,,,,,,,,,,,,,,,,,,,,,,,,,,,,,,,,,,,,,,,,,,,,,"H8道示（復旧仕様含む）","Ａ種の橋",,,,,,"1",,,,,"不要","不要","不要","不要","不要","不要","不要","不要","不要","不要","不要","竣工図なし","基礎の耐震補強照査を実施していない",,"液状化の想定されるエリア外の橋梁","損傷度Ⅳ又はⅢ以下","直橋","未実施",,,"6%以上～26%未満",,,,,,,,,,,,,,,,,,,,,,,,,,,,,,,,,,,,,,,,,,
"35.61846,137.88668","BR0-204021-00084",,,,"2-12橋(106)","(2-12ﾊｼ)","町道１６２号線","市町村道","不明","1981～1990年",,,"6.3","1","3.0","③ＲＣ橋_ＲＣ床版橋（その他）","RC橋","床版橋","重力式橋台","直接基礎",,"市区町村","松川町","松川町","長野県","松川町","35.61846","137.88668","無","上下線","指定無し","×",,"無し","有","一般道",,,,"2022","202210","Ⅱ","町道162号線_2-12橋(106).xlsx.xlsx","町道162号線_2-12橋(106).xlsx","主桁の腐食がみられる。層状錆もみられるので経過観察し進展か早いようなら補修を検討",,,,,,,,,,,,,,,,,,,,,,,,,,,,,,,,,,,,,,,,,,,,,,,,,,,,,,,,,,,,,,,,,,,,,,"S55道示","Ａ種の橋",,,,,,"1",,,,,"未対策","未対策","未対策","未対策","未対策","未対策","未対策","未対策","未対策","未対策","未対策","竣工図なし","基礎の耐震補強照査を実施していない",,"液状化の想定されるエリア外の橋梁","個別判定","直橋","未実施",,,"26%以上",,,,,,,,,,,,,,,,,,,,,,,,,,,,,,,,,,,,,,,,,,
"35.61801,137.88714","BR0-204021-00085",,,,"2-13橋(16)","(2-13ﾊｼ)","町道松川線","市町村道","不明","1981～1990年",,,"5.9","1","5.0","③ＲＣ橋_ＲＣ床版橋（その他）","RC橋","床版橋","重力式橋台","直接基礎",,"市区町村","松川町","松川町","長野県","松川町","35.61801","137.88714","無","上下線","指定無し","×",,"無し","有","一般道",,,,"2022","202210","Ⅱ","町道松川線_2-13橋(16).xlsx","町道松川線_2-13橋(16).xlsx","主桁01に鉄筋露出、橋台02に鉄筋露出、伸縮装置01・02の漏水による遊離石灰がみられる。予防保全の観点から措置を講ずることが望ましい。",,,,,,,,,,,,,,,,,,,,,,,,,,,,,,,,,,,,,,,,,,,,,,,,,,,,,,,,,,,,,,,,,,,,,,"S55道示","Ａ種の橋",,,,,,"1",,,,,"未対策","未対策","未対策","未対策","未対策","未対策","未対策","未対策","未対策","未対策","未対策","竣工図なし","基礎の耐震補強照査を実施していない",,"液状化の想定されるエリア外の橋梁","個別判定","直橋","未実施",,,"26%以上",,,,,,,,,,,,,,,,,,,,,,,,,,,,,,,,,,,,,,,,,,
"35.62295,137.88979","BR0-204021-00086",,,,"2-14橋(105)","(2-14ﾊｼ)","町道１５７号線","市町村道","不明","1981～1990年",,,"3.9","1","3.0","③ＲＣ橋_ＲＣ床版橋（その他）","RC橋","床版橋","重力式橋台","直接基礎",,"市区町村","松川町","松川町","長野県","松川町","35.62295","137.88979","無","上下線","指定無し","×",,"無し","有","一般道",,,,"2022","202210","Ⅱ","町道157号線_2-14橋(105).xlsx.xlsx","町道157号線_2-14橋(105).xlsx","橋台のひび割れはアルコツと思われる。経過観察し損傷が進行するなら措置を検討する。段差は維持工事対応。",,,,,,,,,,,,,,,,,,,,,,,,,,,,,,,,,,,,,,,,,,,,,,,,,,,,,,,,,,,,,,,,,,,,,,"S55道示","Ａ種の橋",,,,,,"1",,,,,"未対策","未対策","未対策","未対策","未対策","未対策","未対策","未対策","未対策","未対策","未対策","竣工図なし","基礎の耐震補強照査を実施していない",,"液状化の想定されるエリア外の橋梁","個別判定","直橋","未実施",,,"26%以上",,,,,,,,,,,,,,,,,,,,,,,,,,,,,,,,,,,,,,,,,,
"35.62010,137.89667","BR0-204021-00087",,,,"2-15橋(14)","(2-15ﾊｼ)","町道中町線","市町村道","不明","1981～1990年",,,"7.5","1","7.8","③ＲＣ橋_ＲＣ床版橋（その他）","RC橋","床版橋","重力式橋台","直接基礎",,"市区町村","松川町","松川町","長野県","松川町","35.62010","137.89667","無","上下線","指定無し","×",,"無し","有","一般道",,,,"2022","202210","Ⅰ","町道中町線_2-15橋(14).xlsx.xlsx","町道中町線_2-15橋(14).xlsx","健全である。",,,,,,,,,,,,,,,,,,,,,,,,,,,,,,,,,,,,,,,,,,,,,,,,,,,,,,,,,,,,,,,,,,,,,,"S55道示","Ａ種の橋",,,,,,"1",,,,,"未対策","未対策","未対策","未対策","未対策","未対策","未対策","未対策","未対策","未対策","未対策","竣工図なし","基礎の耐震補強照査を実施していない",,"液状化の想定されるエリア外の橋梁","個別判定","直橋","未実施",,,"26%以上",,,,,,,,,,,,,,,,,,,,,,,,,,,,,,,,,,,,,,,,,,
"35.61963,137.89777","BR0-204021-00088",,,,"2-16橋(97)","(2-16ﾊｼ)","町道５６号線","市町村道","不明","1981～1990年",,,"5.0","1","4.3","③ＲＣ橋_ＲＣ床版橋（その他）","RC橋","床版橋","重力式橋台","直接基礎",,"市区町村","松川町","松川町","長野県","松川町","35.61963","137.89777","無","上下線","指定無し","×",,"無し","有","一般道",,,,"2021","202110","Ⅰ",,"06_町道56号線_2-16橋.xlsx","橋としての機能に支障が生じていないが、地覆に欠損が見られる。",,,,,,,,,,,,,,,,,,,,,,,,,,,,,,,,,,,,,,,,,,,,,,,,,,,,,,,,,,,,,,,,,,,,,,"S55道示","Ａ種の橋",,,,,,"1",,,,,"未対策","未対策","未対策","未対策","未対策","未対策","未対策","未対策","未対策","未対策","未対策","竣工図なし","基礎の耐震補強照査を実施していない",,"液状化の想定されるエリア外の橋梁","個別判定","直橋","未実施",,,"26%以上",,,,,,,,,,,,,,,,,,,,,,,,,,,,,,,,,,,,,,,,,,
"35.61919,137.90009","BR0-204021-00089",,,,"保谷沢川橋(109)","(ﾎﾔｻﾜｶﾞﾜﾊﾞｼ)","町道２１１号線","市町村道","不明","1991～2000年",,,"7.8","1","23.0","③ＲＣ橋_ＲＣ床版橋（その他）","RC橋","床版橋","重力式橋台","直接基礎",,"市区町村","松川町","松川町","長野県","松川町","35.61919","137.90009","無","上下線","指定無し","×","都道府県","無し","有","一般道",,,,"2020","202011","Ⅱ",,"町道211号線_保谷沢川橋(109).xlsx-2020.xlsx，保谷沢川橋(109).xlsx","橋台にひびわれ、遊離石灰が生じている。予防保全の観点から措置を講ずることが望ましい。",,,,,,,,,,,,,,,,,,,,,,,,,,,,,,,,,,,,,,,,,,,,,,,,,,,,,,,,,,,,,,,,,,,,,,"H2道示","Ａ種の橋",,,,,,"1",,,,,"未対策","未対策","未対策","未対策","未対策","未対策","未対策","未対策","未対策","未対策","未対策","竣工図なし","基礎の耐震補強照査を実施していない",,"液状化の想定されるエリア外の橋梁","個別判定","直橋","未実施",,,"6%以上～26%未満",,,,,,,,,,,,,,,,,,,,,,,,,,,,,,,,,,,,,,,,,,
"35.61866,137.90228","BR0-204021-00090",,,,"2-18橋(15)","(2-18ﾊｼ)","町道中町線","市町村道","不明","1981～1990年",,,"4.5","1","10.6","③ＲＣ橋_ＲＣ床版橋（その他）","RC橋","床版橋","重力式橋台","直接基礎",,"市区町村","松川町","松川町","長野県","松川町","35.61866","137.90228","無","上下線","指定無し","×",,"無し","有","一般道",,,,"2022","202210","Ⅰ","町道中町線_2-18橋(15).xlsx.xlsx","町道中町線_2-18橋(15).xlsx","健全である。",,,,,,,,,,,,,,,,,,,,,,,,,,,,,,,,,,,,,,,,,,,,,,,,,,,,,,,,,,,,,,,,,,,,,,"S55道示","Ａ種の橋",,,,,,"1",,,,,"未対策","未対策","未対策","未対策","未対策","未対策","未対策","未対策","未対策","未対策","未対策","竣工図なし","基礎の耐震補強照査を実施していない",,"液状化の想定されるエリア外の橋梁","個別判定","斜橋・曲線橋","未実施",,,"6%以上～26%未満",,,,,,,,,,,,,,,,,,,,,,,,,,,,,,,,,,,,,,,,,,
"35.61343,137.91389","BR0-204021-00091",,,,"2-20橋(96)","(2-20ﾊｼ)","町道１６号線","市町村道","不明","1981～1990年",,,"2.4","1","2.0","③ＲＣ橋_ＲＣ床版橋（その他）","RC橋","床版橋","重力式橋台","直接基礎",,"市区町村","松川町","松川町","長野県","松川町","35.61343","137.91389","無","上下線","指定無し","×",,"無し","有","一般道",,,,"2021","202110","Ⅰ",,"07_町道16号線_2-20橋.xlsx","橋としての機能に支障が生じていない。",,,,,,,,,,,,,,,,,,,,,,,,,,,,,,,,,,,,,,,,,,,,,,,,,,,,,,,,,,,,,,,,,,,,,,"S55道示","Ａ種の橋",,,,,,"1",,,,,"未対策","未対策","未対策","未対策","未対策","未対策","未対策","未対策","未対策","未対策","未対策","竣工図なし","基礎の耐震補強照査を実施していない",,"液状化の想定されるエリア外の橋梁","個別判定","直橋","未実施",,,"26%以上",,,,,,,,,,,,,,,,,,,,,,,,,,,,,,,,,,,,,,,,,,
"35.60885,137.91191","BR0-204021-00092",,,,"黒橋","(ｸﾛﾊｼ)","町道７号線","市町村道","1957",,,,"17.0","1","2.1","③ＲＣ橋_ＲＣ　Ｔ桁","RC橋","桁橋(T桁)","重力式橋台","直接基礎",,"市区町村","松川町","松川町","長野県","松川町","35.60885","137.91191","無","上下線","指定無し","×",,"その他鉄道","有","一般道",,,,"2023","202310","Ⅱ",,"黒橋_町道7号線.XLSX","橋台にひびわれ,漏水・遊離石灰が見られる。道路橋の機能に支障が生じていないが予防保全の観点から措置を講ずることが望ましい。",,,,,,,,,,,,,,,"全体","Ⅱ",,,,"東海旅客鉄道",,,,,,,,,,,,,,,,,,,,,,,,,,,,,,,,,,,,,,,,,,,,,,,,,,"S46耐震設計指針より前","Ｂ種の橋",,,,,,"1",,,,,"未対策","未対策","未対策","未対策","未対策","未対策","未対策","未対策","未対策","未対策","未対策","竣工図なし","基礎の耐震補強照査を実施していない",,"液状化の想定されるエリア外の橋梁","個別判定","直橋","未実施",,,"26%以上",,,,,,,,,,,,,,,,,,,,,,,,,,,,,,,,,,,,,,,,,,
"35.63180,137.89533","BR0-204021-00093",,,,"2-22橋(104)","(2-22ﾊｼ)","町道１５７号線","市町村道","不明","1981～1990年",,,"4.6","1","4.5","③ＲＣ橋_ＲＣ床版橋（その他）","RC橋","床版橋","重力式橋台","直接基礎",,"市区町村","松川町","松川町","長野県","松川町","35.63180","137.89533","無","上下線","指定無し","×",,"無し","有","一般道",,,,"2021","202110","Ⅱ",,"08_町道157号線_2-22橋.xlsx","主桁、橋台にひびわれが見られる。予防保全の観点から措置を講ずることが望ましい。",,,,,,,,,,,,,,,,,,,,,,,,,,,,,,,,,,,,,,,,,,,,,,,,,,,,,,,,,,,,,,,,,,,,,,"S55道示","Ａ種の橋",,,,,,"1",,,,,"未対策","未対策","未対策","未対策","未対策","未対策","未対策","未対策","未対策","未対策","未対策","竣工図なし","基礎の耐震補強照査を実施していない",,"液状化の想定されるエリア外の橋梁","個別判定","直橋","未実施",,,"26%以上",,,,,,,,,,,,,,,,,,,,,,,,,,,,,,,,,,,,,,,,,,
"35.62284,137.88996","BR0-204021-00094",,,,"2-23橋(103)","(2-23ﾊｼ)","町道１５０号線","市町村道","不明","1981～1990年",,,"2.2","1","3.0","③ＲＣ橋_ＲＣ床版橋（その他）","RC橋","床版橋","重力式橋台","直接基礎",,"市区町村","松川町","松川町","長野県","松川町","35.62284","137.88996","無","上下線","指定無し","×",,"無し","有","一般道",,,,"2022","202210","Ⅱ","町道150号線_2-23橋(103).xlsx.xlsx","町道150号線_2-23橋(103).xlsx","両側壁にひび割れがみられる。予防保全の観点から措置を講ずることが望ましい。",,,,,,,,,,,,,,,,,,,,,,,,,,,,,,,,,,,,,,,,,,,,,,,,,,,,,,,,,,,,,,,,,,,,,,"S55道示","Ａ種の橋",,,,,,"1",,,,,"未対策","未対策","未対策","未対策","未対策","未対策","未対策","未対策","未対策","未対策","未対策","竣工図なし","基礎の耐震補強照査を実施していない",,"液状化の想定されるエリア外の橋梁","個別判定","直橋","未実施",,,"26%以上",,,,,,,,,,,,,,,,,,,,,,,,,,,,,,,,,,,,,,,,,,
"35.61224,137.89954","BR0-204021-00095",,,,"松川大橋","(ﾏﾂｶﾜｵｵﾊｼ)","町道２１１号線","市町村道","1998",,,,"129.0","2","9.8","①鋼橋(ボルト又は鋼溶継手)_箱桁（斜張橋）","鋼橋","斜張橋(箱桁)","逆Ｔ式橋台","場所打ぐい",,"市区町村","松川町","松川町","長野県","松川町","35.61224","137.89954","無","上下線","指定無し","×",,"無し","有","一般道",,,,"2023","202401","Ⅰ",,"2094_402_町道211号線_松川大橋.xlsx","A1側の伸縮装置に腐食あり。予防保全の観点から措置を講ずることが望ましい。","○",,,,,,,,,,,,,,,,,,,,,,,,,,,,,,,,,,,,,,,,,,,,,,,,,,,,,,,,,,,,,,,,,"補修事業予定、中、完","決定","2024",,"H8道示（復旧仕様含む）","Ａ種の橋",,,,,,,,,"1",,"不要","不要","不要","不要","不要","不要","不要","不要","不要","不要","不要","竣工図あり","基礎の耐震補強照査を実施していない",,"液状化の想定されるエリア外の橋梁","損傷度Ⅳ又はⅢ以下",,,,,"6%以上～26%未満",,,,,,,,,,,,,,,,,,,,,,,,,,,,,,,,,,,,,,,,,,
"35.59703,137.95384","BR0-204021-00096",,,,"舟久保橋(23)","(ﾌﾅｸﾎﾞﾊﾞｼ)","町道７４号線","市町村道","1971",,,,"11.5","1","4.6","③ＲＣ橋_ＲＣ床版橋（その他）","RC橋","床版橋","重力式橋台","直接基礎",,"市区町村","松川町","松川町","長野県","松川町","35.59703","137.95384","無","上下線","指定無し","×","都道府県","無し","有","一般道",,,,"2020","202009","Ⅱ",,"町道305号線_鹿久保橋(93).xlsx-2020.xlsx，舟久保橋(23).xlsx","主桁に鉄筋露出がみられ、橋台に遊離石灰がみられる。予防保全の観点から措置を講ずることが望ましい。",,,,,,,,,,,,,,,,,,,,,,,,,,,,,,,,,,,,,,,,,,,,,,,,,,,,,,,,,,,,,,,,,,,,,,"S46耐震設計指針より前","Ａ種の橋",,,,,,"1",,,,,"未対策","未対策","未対策","未対策","未対策","未対策","未対策","未対策","未対策","未対策","未対策","竣工図なし","基礎の耐震補強照査を実施していない",,"液状化の想定されるエリア外の橋梁","個別判定","斜橋・曲線橋","未実施",,,"6%以上～26%未満",,,,,,,,,,,,,,,,,,,,,,,,,,,,,,,,,,,,,,,,,,
"35.59755,137.95542","BR0-204021-00097",,,,"3-2橋(116)","(3-2ﾊｼ)","町道８９号線","市町村道","不明","1981～1990年",,,"11.0","1","1.5","③ＲＣ橋_ＲＣ床版橋（その他）","RC橋","床版橋","重力式橋台","直接基礎",,"市区町村","松川町","松川町","長野県","松川町","35.59755","137.95542","無","上下線","指定無し","×","市区町村","無し","有","一般道",,,,"2020","202010","Ⅰ",,"町道89号線_3-2橋(116).xlsx-2020.xlsx，3-2橋(116).xlsx","橋としての機能に支障が生じていない。",,,,,,,,,,,,,,,,,,,,,,,,,,,,,,,,,,,,,,,,,,,,,,,,,,,,,,,,,,,,,,,,,,,,,,"S55道示","Ａ種の橋",,,,,,"1",,,,,"未対策","未対策","未対策","未対策","未対策","未対策","未対策","未対策","未対策","未対策","未対策","竣工図なし","基礎の耐震補強照査を実施していない",,"液状化の想定されるエリア外の橋梁","個別判定","直橋","未実施",,,"6%以上～26%未満",,,,,,,,,,,,,,,,,,,,,,,,,,,,,,,,,,,,,,,,,,
"35.59272,137.93021","BR0-204021-00099",,,,"桜橋(20)","(ｻｸﾗﾊﾞｼ)","町道福与部奈線","市町村道","1969",,,,"10.0","1","4.0","③ＲＣ橋_ＲＣ床版橋（その他）","RC橋","床版橋","重力式橋台","直接基礎","○","市区町村","松川町","松川町","長野県","松川町","35.59272","137.93021","無","上下線","指定無し","×","都道府県","無し","有","一般道",,,,"2021","202203","Ⅰ","町道福与部奈_桜橋(20).xlsx.xlsx","2098_402_町道福与部奈_桜橋(20).xlsx","橋の機能に支障なし","○",,,,,,,,,,,,,,,,,,,,,,,,,,,,,,,,,,,,,,,,,,,,,,,,,,,,,,,,,,,,,,,,,,,,,"S46耐震設計指針より前","Ａ種の橋",,,,,,"1",,,,,"必要なし","必要なし","必要なし","必要なし","必要なし","必要なし","必要なし","必要なし","必要なし","必要なし","必要なし","竣工図なし",,,,,,,,,,,,,,,,,,,,,,,,,,,,,,,,,,,,,,,,,,,,,,,,,,,
"35.59256,137.93066","BR0-204021-00100",,,,"福与橋(21)","(ﾌｸﾖﾊｼ)","町道福与部奈線","市町村道","不明","1981～1990年",,,"10.0","1","5.6","③ＲＣ橋_ＲＣ床版橋（その他）","RC橋","床版橋","重力式橋台","直接基礎","○","市区町村","松川町","松川町","長野県","松川町","35.59256","137.93066","無","上下線","指定無し","×","都道府県","無し","有","一般道",,,,"2021","202203","Ⅰ","町道福与部奈_福与橋(21).xlsx.xlsx","2099_402_町道福与部奈_福与橋(21).xlsx","橋の機能に支障なし","○",,,,,,,,,,,,,,,,,,,,,,,,,,,,,,,,,,,,,,,,,,,,,,,,,,,,,,,,,,,,,,,,,,,,,"S55道示","Ａ種の橋",,,,,,"1",,,,,"必要なし","必要なし","必要なし","必要なし","必要なし","必要なし","必要なし","必要なし","必要なし","必要なし","必要なし","竣工図なし",,,,,,,,,,,,,,,,,,,,,,,,,,,,,,,,,,,,,,,,,,,,,,,,,,,
"35.59268,137.94334","BR0-204021-00101",,,,"3-7橋(114)","(3-7ﾊｼ)","町道７１号線","市町村道","不明","1981～1990年",,,"10.2","1","1.3","①鋼橋(ボルト又は鋼溶継手)_Ｉ桁（非合成）","鋼橋","桁橋(I桁)","重力式橋台","直接基礎",,"市区町村","松川町","松川町","長野県","松川町","35.59268","137.94334","無","上下線","指定無し","×","都道府県","無し","有","一般道",,,,"2020","202010","Ⅱ",,"3-7橋(114).xlsx","主桁に腐食が見られ、床版に鉄筋露出が見られる。予防保全の観点から措置を講ずることが望ましい。",,,,,,,,,,,,,,,,,,,,,,,,,,,,,,,,,,,,,,,,,,,,,,,,,,,,,,,,,,,,,,,,,,,,,,"S55道示","Ａ種の橋",,,,,,"1",,,,,"未対策","未対策","未対策","未対策","未対策","未対策","未対策","未対策","未対策","未対策","未対策","竣工図なし","基礎の耐震補強照査を実施していない",,"液状化の想定されるエリア外の橋梁","個別判定","直橋","未実施",,,"26%以上",,,,,,,,,,,,,,,,,,,,,,,,,,,,,,,,,,,,,,,,,,
"35.59562,137.95002","BR0-204021-00102",,,,"3-8橋(121)","(3-8ﾊｼ)","町道９１号線","市町村道","不明","1981～1990年",,,"9.7","1","1.3","①鋼橋(ボルト又は鋼溶継手)_Ｉ桁（非合成）","鋼橋","桁橋(I桁)","重力式橋台","直接基礎",,"市区町村","松川町","松川町","長野県","松川町","35.59562","137.95002","無","上下線","指定無し","×",,"無し","有","一般道",,,,"2021","202110","Ⅱ",,"町道91号線_3-8橋(121).xlsx-2021.xlsx，09_町道91号線_3-8橋.xlsx","主桁に腐食、床版に鉄筋露出が見られる。予防保全の観点から措置を講ずることが望ましい。",,,,,,,,,,,,,,,,,,,,,,,,,,,,,,,,,,,,,,,,,,,,,,,,,,,,,,,,,,,,,,,,,,,,,,"S55道示","Ａ種の橋",,,,,,"1",,,,,"未対策","未対策","未対策","未対策","未対策","未対策","未対策","未対策","未対策","未対策","未対策","竣工図なし","基礎の耐震補強照査を実施していない",,"液状化の想定されるエリア外の橋梁","個別判定","直橋","未実施",,,"26%以上",,,,,,,,,,,,,,,,,,,,,,,,,,,,,,,,,,,,,,,,,,
"35.59268,137.94333","BR0-204021-00103",,,,"3-9橋(120)","(3-9ﾊｼ)","町道９１号線","市町村道","不明","1981～1990年",,,"9.6","1","1.3","①鋼橋(ボルト又は鋼溶継手)_Ｉ桁（非合成）","鋼橋","桁橋(I桁)","重力式橋台","直接基礎",,"市区町村","松川町","松川町","長野県","松川町","35.59268","137.94333","無","上下線","指定無し","×",,"無し","有","一般道",,,,"2022","202210","Ⅳ","町道92号線_3-9橋(120).xlsx.xlsx","町道91号線_3-9橋(120).xlsx","橋台の機能を兼用する護岸(橋台02)が流出している。進入禁止にはなっているが、早急に補修する必要がある。",,,,,,,,,,,,,,,,,,,,,,,,,,,,,,,,,,,,,,,,,,,,,,,,,,,,,,,"全面通行止","人道橋につき、歩行者通行止め","○","全面通行止","2017","38","2032","橋台の崩落","劣化損傷（老朽化）","橋台・橋脚","橋台の崩落","措置未定","未定",,,"S55道示","Ａ種の橋",,,,,,"1",,,,,"未対策","未対策","未対策","未対策","未対策","未対策","未対策","未対策","未対策","未対策","未対策","竣工図なし","基礎の耐震補強照査を実施していない",,"液状化の想定されるエリア外の橋梁","個別判定","直橋","未実施",,,"6%以上～26%未満",,,,,,,,,,,,,,,,,,,,,,,,,,,,,,,,,,,,,,,,,,
"35.59418,137.94750","BR0-204021-00104",,,,"3-10橋(119)","(3-10ﾊｼ)","町道９１号線","市町村道","不明","1981～1990年",,,"9.9","1","1.3","①鋼橋(ボルト又は鋼溶継手)_Ｉ桁（非合成）","鋼橋","桁橋(I桁)","重力式橋台","直接基礎",,"市区町村","松川町","松川町","長野県","松川町","35.59418","137.94750","無","上下線","指定無し","×",,"無し","有","一般道",,,,"2021","202110","Ⅱ",,"町道93号線_3-10橋(119).xlsx-2021.xlsx，10_町道91号線_3-10橋.xlsx","主桁に腐食が見られる。予防保全の観点から措置を講ずることが望ましい。",,,,,,,,,,,,,,,,,,,,,,,,,,,,,,,,,,,,,,,,,,,,,,,,,,,,,,,,,,,,,,,,,,,,,,"S55道示","Ａ種の橋",,,,,,"1",,,,,"未対策","未対策","未対策","未対策","未対策","未対策","未対策","未対策","未対策","未対策","未対策","竣工図なし","基礎の耐震補強照査を実施していない",,"液状化の想定されるエリア外の橋梁","個別判定","直橋","未実施",,,"26%以上",,,,,,,,,,,,,,,,,,,,,,,,,,,,,,,,,,,,,,,,,,
"35.59419,137.94750","BR0-204021-00105",,,,"3-11橋(118)","(3-11ﾊｼ)","町道９１号線","市町村道","不明","1981～1990年",,,"9.9","1","1.3","①鋼橋(ボルト又は鋼溶継手)_Ｉ桁（非合成）","鋼橋","桁橋(I桁)","重力式橋台","直接基礎",,"市区町村","松川町","松川町","長野県","松川町","35.59419","137.94750","無","上下線","指定無し","×",,"無し","有","一般道",,,,"2021","202110","Ⅱ",,"町道94号線_3-11橋(118).xlsx-2021.xlsx，11_町道91号線_3-11橋.xlsx","主桁に腐食が見られる。予防保全の観点から措置を講ずることが望ましい。",,,,,,,,,,,,,,,,,,,,,,,,,,,,,,,,,,,,,,,,,,,,,,,,,,,,,,,,,,,,,,,,,,,,,,"S55道示","Ａ種の橋",,,,,,"1",,,,,"未対策","未対策","未対策","未対策","未対策","未対策","未対策","未対策","未対策","未対策","未対策","竣工図なし","基礎の耐震補強照査を実施していない",,"液状化の想定されるエリア外の橋梁","個別判定","直橋","未実施",,,"6%以上～26%未満",,,,,,,,,,,,,,,,,,,,,,,,,,,,,,,,,,,,,,,,,,
"35.59591,137.95077","BR0-204021-00106",,,,"3-12橋(117)","(3-12ﾊｼ)","町道９０号線","市町村道","不明","1981～1990年",,,"9.6","1","1.3","①鋼橋(ボルト又は鋼溶継手)_Ｉ桁（非合成）","鋼橋","桁橋(I桁)","重力式橋台","直接基礎",,"市区町村","松川町","松川町","長野県","松川町","35.59591","137.95077","無","上下線","指定無し","×",,"無し","有","一般道",,,,"2021","202110","Ⅱ",,"町道90号線_3-12橋(117).xlsx-2021.xlsx，12_町道90号線_3-12橋.xlsx","主桁に腐食が見られる。予防保全の観点から措置を講ずることが望ましい。",,,,,,,,,,,,,,,,,,,,,,,,,,,,,,,,,,,,,,,,,,,,,,,,,,,,,,,,,,,,,,,,,,,,,,"S55道示","Ａ種の橋",,,,,,"1",,,,,"未対策","未対策","未対策","未対策","未対策","未対策","未対策","未対策","未対策","未対策","未対策","竣工図なし","基礎の耐震補強照査を実施していない",,"液状化の想定されるエリア外の橋梁","個別判定","直橋","未実施",,,"6%以上～26%未満",,,,,,,,,,,,,,,,,,,,,,,,,,,,,,,,,,,,,,,,,,
"35.59572,137.96349","BR0-204021-00107",,,,"3-13橋(115)","(3-13ﾊｼ)","町道８６号線","市町村道","不明","1981～1990年",,,"9.5","1","2.1","③ＲＣ橋_ＲＣ床版橋（その他）","RC橋","床版橋","重力式橋台","直接基礎",,"市区町村","松川町","松川町","長野県","松川町","35.59572","137.96349","無","上下線","指定無し","×",,"無し","有","一般道",,,,"2021","202110","Ⅱ",,"町道86号線_3-13橋(115).xlsx-2021.xlsx，13_町道86号線_3-13橋.xlsx","床版が腐食している。予防保全の観点から措置を講ずることが望ましい。",,,,,,,,,,,,,,,,,,,,,,,,,,,,,,,,,,,,,,,,,,,,,,,,,,,,,,,,,,,,,,,,,,,,,,"S55道示","Ａ種の橋",,,,,,"1",,,,,"未対策","未対策","未対策","未対策","未対策","未対策","未対策","未対策","未対策","未対策","未対策","竣工図なし","基礎の耐震補強照査を実施していない",,"液状化の想定されるエリア外の橋梁","個別判定","直橋","未実施",,,"26%以上",,,,,,,,,,,,,,,,,,,,,,,,,,,,,,,,,,,,,,,,,,
"35.59299,137.96310","BR0-204021-00108",,,,"3-14橋(131)","(3-14ﾊｼ)","町道１８４号線","市町村道","不明","1981～1990年",,,"2.0","1","8.6","③ＲＣ橋_ＲＣ床版橋（その他）","RC橋","床版橋","重力式橋台","直接基礎","○","市区町村","松川町","松川町","長野県","松川町","35.59299","137.96310","無","上下線","指定無し","×",,"無し","有","一般道",,,,"2022","202211","Ⅱ","町道184号線_3-14橋(131).xlsx","町道184号線_3-14橋(131).xlsx","洗堀がみられるが緊急を要するものではないため評価をⅡとする。予防保全の観点から措置を講ずることが望ましい。",,,,,,,,,,,,,,,,,,,,,,,,,,,,,,,,,,,,,,,,,,,,,,,,,,,,,,,,,,,,,,,,,,,,,,"S55道示","Ａ種の橋",,,,,,"1",,,,,"必要なし","必要なし","必要なし","必要なし","必要なし","必要なし","必要なし","必要なし","必要なし","必要なし","必要なし","竣工図なし",,,,,,,,,,,,,,,,,,,,,,,,,,,,,,,,,,,,,,,,,,,,,,,,,,,
"35.58552,137.92370","BR0-204021-00109",,,,"3-16橋(111)","(3-16ﾊｼ)","町道２２号線","市町村道","不明","1981～1990年",,,"6.8","1","3.7","①鋼橋(ボルト又は鋼溶継手)_その他（鋼溶接橋）","木橋","床版橋","重力式橋台","直接基礎",,"市区町村","松川町","松川町","長野県","松川町","35.58552","137.92370","無","上下線","指定無し","×",,"無し","有","一般道",,,,"2024","202404","Ⅲ","14_町道22号線_3-16橋.xlsx","町道22号線（3-16橋）.xlsx","【橋梁全体】
　・本橋は1985年に架設された鋼橋である。
　・主桁及び床版の一部に著しい欠損が見られるため早期措置段階であると判断し、健全度をⅢとした。

【上部構造】
　・主桁が全体的に腐食し、床版が腐朽ているのを確認した。早急に処置を講ずることが必要な状態である。

【下部構造】
　・概ね健全である。",,,,,,,,,,,,,,,,,,,,,,,,,,,,,,,,,,,,,,,,,,,,,,,,,,,,,,,,,,,,,,,,,,,,,,"S55道示","Ａ種の橋",,,,,,"1",,,,,"未対策","未対策","未対策","未対策","未対策","未対策","未対策","未対策","未対策","未対策","未対策","竣工図なし","基礎の耐震補強照査を実施していない",,"液状化の想定されるエリア外の橋梁","個別判定","斜橋・曲線橋","未実施",,,"6%以上～26%未満",,,,,,,,,,,,,,,,,,,,,,,,,,,,,,,,,,,,,,,,,,
"35.58677,137.95802","BR0-204021-00110",,,,"3-17橋(132)","(3-17ﾊｼ)","町道１８６号線","市町村道","不明","1981～1990年",,,"3.7","1","3.2","③ＲＣ橋_ＲＣ床版橋（その他）","RC橋","床版橋","重力式橋台","直接基礎",,"市区町村","松川町","松川町","長野県","松川町","35.58677","137.95802","無","上下線","指定無し","×",,"無し","有","一般道",,,,"2022","202211","Ⅱ","町道186号線_3-17橋(132).xlsx.xlsx","町道186号線_3-17橋(132).xlsx","路面の土砂堆積が多い。橋梁の機能に支障が生じる前に撤去するのが望ましい。",,,,,,,,,,,,,,,,,,,,,,,,,,,,,,,,,,,,,,,,,,,,,,,,,,,,,,,,,,,,,,,,,,,,,,"S55道示","Ａ種の橋",,,,,,"1",,,,,"未対策","未対策","未対策","未対策","未対策","未対策","未対策","未対策","未対策","未対策","未対策","竣工図なし","基礎の耐震補強照査を実施していない",,"液状化の想定されるエリア外の橋梁","個別判定","直橋","未実施",,,"6%以上～26%未満",,,,,,,,,,,,,,,,,,,,,,,,,,,,,,,,,,,,,,,,,,
"35.58486,137.92740","BR0-204021-00111",,,,"3-18橋(35)","(3-18ﾊｼ)","町道８号線","市町村道","不明","1981～1990年",,,"5.2","1","4.6","③ＲＣ橋_ＲＣ床版橋（その他）","RC橋","床版橋","重力式橋台","直接基礎",,"市区町村","松川町","松川町","長野県","松川町","35.58486","137.92740","無","上下線","指定無し","×","市区町村","無し","有","一般道",,,,"2020","202010","Ⅱ",,"3-18橋(35).xlsx","RCの主桁に鉄筋露出がみられ、拡幅部の鋼床版、主桁に腐食が見られる。予防保全の観点から措置を講ずることが望ましい。",,,,,,,,,,,,,,,,,,,,,,,,,,,,,,,,,,,,,,,,,,,,,,,,,,,,,,,,,,,,,,,,,,,,,,"S55道示","Ａ種の橋",,,,,,"1",,,,,"未対策","未対策","未対策","未対策","未対策","未対策","未対策","未対策","未対策","未対策","未対策","竣工図なし","基礎の耐震補強照査を実施していない",,"液状化の想定されるエリア外の橋梁","個別判定","直橋","未実施",,,"26%以上",,,,,,,,,,,,,,,,,,,,,,,,,,,,,,,,,,,,,,,,,,
"35.58081,137.92344","BR0-204021-00112",,,,"3-19橋(110)","(3-19ﾊｼ)","町道１１号線","市町村道","1988",,,,"10.5","1","5.0","③ＲＣ橋_ＲＣ床版橋（その他）","RC橋","床版橋","重力式橋台","直接基礎",,"市区町村","松川町","松川町","長野県","松川町","35.58081","137.92344","無","上下線","指定無し","×",,"無し","有","一般道",,,,"2024","202409","Ⅰ","町道11号線_3-19橋(110).xlsx","355808113792344_3-19橋(110)_2024.xlsx","・本橋は1988年に架設されたRC中実床版橋である。
・主要部材は概ね健全であり、道路橋の機能に支障が生じていない状態であると判断し、健全度Ⅰとした。

【上部構造】
・概ね健全である。

【下部構造】
・概ね健全である。

【上下部接続部】
・概ね健全である。

【その他】
・概ね健全である。",,,,,,,,,,,,,,,,,,,,,,,,,,,,,,,,,,,,,,,,,,,,,,,,,,,,,,,,,,,,,,,,,,,,,,"S55道示","Ａ種の橋",,,,,,"1",,,,,"未対策","未対策","未対策","未対策","未対策","未対策","未対策","未対策","未対策","未対策","未対策","竣工図なし","基礎の耐震補強照査を実施していない",,"液状化の想定されるエリア外の橋梁","個別判定","直橋","未実施",,,"6%以上～26%未満",,,,,,,,,,,,,,,,,,,,,,,,,,,,,,,,,,,,,,,,,,
"35.58179,137.94480","BR0-204021-00113",,,,"石橋(36)","(ｲｼﾊﾞｼ)","町道７１号長峰線","市町村道","2000",,,,"8.4","1","4.0","③ＲＣ橋_ＲＣ床版橋（その他）","RC橋","床版橋","重力式橋台","直接基礎",,"市区町村","松川町","松川町","長野県","松川町","35.58179","137.94480","無","上下線","指定無し","×",,"無し","有","一般道",,,,"2021","202110","Ⅱ",,"町道71号長峰線_石橋(36).xlsx-2021.xlsx，15_町道71号長峰線_石橋.xlsx","主桁にひびわれが見られる。予防保全の観点から措置を講ずることが望ましい。",,,,,,,,,,,,,,,,,,,,,,,,,,,,,,,,,,,,,,,,,,,,,,,,,,,,,,,,,,,,,,,,,,,,,,"H8道示（復旧仕様含む）","Ａ種の橋",,,,,,"1",,,,,"不要","不要","不要","不要","不要","不要","不要","不要","不要","不要","不要","竣工図なし","基礎の耐震補強照査を実施していない",,"液状化の想定されるエリア外の橋梁","損傷度Ⅳ又はⅢ以下","直橋","未実施",,,"26%以上",,,,,,,,,,,,,,,,,,,,,,,,,,,,,,,,,,,,,,,,,,
"35.58040,137.94604","BR0-204021-00114",,,,"幸沢橋(37)","(ｻｲｻﾞｻﾞﾜﾊﾞｼ)","町道７１号長峰線","市町村道","1998",,,,"10.1","1","4.0","③ＲＣ橋_ＲＣ床版橋（その他）","RC橋","床版橋","重力式橋台","直接基礎",,"市区町村","松川町","松川町","長野県","松川町","35.58040","137.94604","無","上下線","指定無し","×","市区町村","無し","有","一般道",,,,"2020","202009","Ⅱ",,"町道71号長峰線_幸沢橋(37).xlsx-2020.xlsx，幸沢橋(37).xlsx","支承部から遊離石灰が見られる。予防保全の観点から措置を講ずることが望ましい。",,,,,,,,,,,,,,,,,,,,,,,,,,,,,,,,,,,,,,,,,,,,,,,,,,,,,,,,,,,,,,,,,,,,,,"H8道示（復旧仕様含む）","Ａ種の橋",,,,,,"1",,,,,"不要","不要","不要","不要","不要","不要","不要","不要","不要","不要","不要","竣工図なし","基礎の耐震補強照査を実施していない",,"液状化の想定されるエリア外の橋梁","損傷度Ⅳ又はⅢ以下","直橋","未実施",,,"26%以上",,,,,,,,,,,,,,,,,,,,,,,,,,,,,,,,,,,,,,,,,,
"35.58432,137.95506","BR0-204021-00115",,,,"3-22橋(24)","(3-22ﾊｼ)","町道７４号長峰線","市町村道","不明","1981～1990年",,,"2.4","1","6.5","③ＲＣ橋_ＲＣ床版橋（その他）","RC橋","床版橋","重力式橋台","直接基礎","○","市区町村","松川町","松川町","長野県","松川町","35.58432","137.95506","無","上下線","指定無し","×",,"無し","有","一般道",,,,"2024","202409","Ⅱ","町道74号長峰線_3-22橋(24).xlsx","355843213795506_3-22橋(24)_2024.xlsx","・本橋梁は、2007年に架設されたBOXカルバートである。
・主桁の一部にひびわれが見られ、予防保全の観点から措置を講ずることが望ましい状態にあると判断し、健全度Ⅱとした。


【上部構造】　
・主桁の一部にひびわれが見られる。乾燥収縮によると考えられる。前回時には見られなかったため、損傷が今後も進行する可能性が懸念される。予防保全の観点から措置を講ずることが望ましい。

【下部構造】　
・概ね健全である。

【その他】
・概ね健全である。",,,,,,,,,,,,,,,,,,,,,,,,,,,,,,,,,,,,,,,,,,,,,,,,,,,,,,,,,,,,,,,,,,,,,,"S55道示","Ａ種の橋",,,,,,"1",,,,,"必要なし","必要なし","必要なし","必要なし","必要なし","必要なし","必要なし","必要なし","必要なし","必要なし","必要なし","竣工図なし",,,,,,,,,,,,,,,,,,,,,,,,,,,,,,,,,,,,,,,,,,,,,,,,,,,
"35.58350,137.95630","BR0-204021-00116",,,,"3-23橋(25)","(3-23ﾊｼ)","町道野田口線","市町村道","1988",,,,"4.5","1","4.6","③ＲＣ橋_ＲＣ床版橋（その他）","RC橋","床版橋","重力式橋台","直接基礎",,"市区町村","松川町","松川町","長野県","松川町","35.58350","137.95630","無","上下線","指定無し","×",,"無し","有","一般道",,,,"2022","202211","Ⅱ","町道野田口線_3-23橋(25).xlsx.xlsx","町道野田口線_3-23橋(25).xlsx","橋台01に5mmひび割れがみられる。予防保全の観点から措置を講ずることが望ましい。",,,,,,,,,,,,,,,,,,,,,,,,,,,,,,,,,,,,,,,,,,,,,,,,,,,,,,,,,,,,,,,,,,,,,,"S55道示","Ａ種の橋",,,,,,"1",,,,,"未対策","未対策","未対策","未対策","未対策","未対策","未対策","未対策","未対策","未対策","未対策","竣工図なし","基礎の耐震補強照査を実施していない",,"液状化の想定されるエリア外の橋梁","個別判定","直橋","未実施",,,"26%以上",,,,,,,,,,,,,,,,,,,,,,,,,,,,,,,,,,,,,,,,,,
"35.58475,137.96545","BR0-204021-00117",,,,"3-24橋(133)","(3-24ﾊｼ)","町道１８８号線","市町村道","1988","1971～1980年",,,"3.0","1","4.0","③ＲＣ橋_ＲＣ床版橋（その他）","RC橋","床版橋","重力式橋台","直接基礎",,"市区町村","松川町","松川町","長野県","松川町","35.58475","137.96545","無","上下線","指定無し","×",,"無し","有","一般道",,,,"2022","202211","Ⅰ","町道188号線_3-24橋(133).xlsx","町道188号線_3-24橋(133).xlsx","健全である。",,,,,,,,,,,,,,,,,,,,,,,,,,,,,,,,,,,,,,,,,,,,,,,,,,,,,,,,,,,,,,,,,,,,,,"S55道示","Ａ種の橋",,,,,,"1",,,,,"未対策","未対策","未対策","未対策","未対策","未対策","未対策","未対策","未対策","未対策","未対策","竣工図なし","基礎の耐震補強照査を実施していない",,"液状化の想定されるエリア外の橋梁","個別判定","直橋","未実施",,,"6%以上～26%未満",,,,,,,,,,,,,,,,,,,,,,,,,,,,,,,,,,,,,,,,,,
"35.57986,137.92797","BR0-204021-00118",,,,"3-25橋(22)","(3-25ﾊｼ)","町道３号線","市町村道","不明","1981～1990年",,,"10.0","1","4.0","③ＲＣ橋_ＲＣ床版橋（その他）","RC橋","床版橋","重力式橋台","直接基礎",,"市区町村","松川町","松川町","長野県","松川町","35.57986","137.92797","無","上下線","指定無し","×","都道府県","無し","有","一般道",,,,"2020","202009","Ⅱ",,"3-25橋(22).xlsx","床版からつらら状の遊離石灰がみられる。予防保全の観点から措置を講ずることが望ましい。",,,,,,,,,,,,,,,,,,,,,,,,,,,,,,,,,,,,,,,,,,,,,,,,,,,,,,,,,,,,,,,,,,,,,,"S55道示","Ａ種の橋",,,,,,"1",,,,,"未対策","未対策","未対策","未対策","未対策","未対策","未対策","未対策","未対策","未対策","未対策","竣工図なし","基礎の耐震補強照査を実施していない",,"液状化の想定されるエリア外の橋梁","個別判定","直橋","未実施",,,"6%以上～26%未満",,,,,,,,,,,,,,,,,,,,,,,,,,,,,,,,,,,,,,,,,,
"35.57782,137.92467","BR0-204021-00119",,,,"3-26橋(113)","(3-26ﾊｼ)","町道６０号線","市町村道","不明","1981～1990年",,,"3.0","1","3.3","③ＲＣ橋_ＲＣ床版橋（その他）","RC橋","床版橋","重力式橋台","直接基礎","○","市区町村","松川町","松川町","長野県","松川町","35.57782","137.92467","無","上下線","指定無し","×",,"無し","有","一般道",,,,"2021","202110","Ⅰ",,"16_町道60号線_3-26橋.xlsx","橋としての機能に支障が生じていない。",,,,,,,,,,,,,,,,,,,,,,,,,,,,,,,,,,,,,,,,,,,,,,,,,,,,,,,,,,,,,,,,,,,,,,"S55道示","Ａ種の橋",,,,,,"1",,,,,"必要なし","必要なし","必要なし","必要なし","必要なし","必要なし","必要なし","必要なし","必要なし","必要なし","必要なし","竣工図なし",,,,,,,,,,,,,,,,,,,,,,,,,,,,,,,,,,,,,,,,,,,,,,,,,,,
"35.57604,137.94175","BR0-204021-00120",,,,"3-27橋(137)","(3-27ﾊｼ)","町道２０５号線","市町村道","不明","1981～1990年",,,"6.2","1","3.5","③ＲＣ橋_ＲＣ床版橋（その他）","RC橋","床版橋","重力式橋台","直接基礎",,"市区町村","松川町","松川町","長野県","松川町","35.57604","137.94175","無","上下線","指定無し","×",,"無し","有","一般道",,,,"2022","202211","Ⅱ","町道205号線_3-27橋(137).xlsx.xlsx","町道205号線_3-27橋(137).xlsx","支承部01に漏水・遊離石灰がみられる。予防保全の観点から措置を講ずることが望ましい。",,,,,,,,,,,,,,,,,,,,,,,,,,,,,,,,,,,,,,,,,,,,,,,,,,,,,,,,,,,,,,,,,,,,,,"S55道示","Ａ種の橋",,,,,,"1",,,,,"未対策","未対策","未対策","未対策","未対策","未対策","未対策","未対策","未対策","未対策","未対策","竣工図なし","基礎の耐震補強照査を実施していない",,"液状化の想定されるエリア外の橋梁","個別判定","斜橋・曲線橋","未実施",,,"6%以上～26%未満",,,,,,,,,,,,,,,,,,,,,,,,,,,,,,,,,,,,,,,,,,
"35.57605,137.94176","BR0-204021-00121",,,,"3-28橋(136)","(3-28ﾊｼ)","町道２０５号線","市町村道","不明","1981～1990年",,,"3.7","1","2.5","③ＲＣ橋_ＲＣ床版橋（その他）","RC橋","床版橋","重力式橋台","直接基礎",,"市区町村","松川町","松川町","長野県","松川町","35.57605","137.94176","無","上下線","指定無し","×",,"無し","有","一般道",,,,"2022","202211","Ⅰ","町道205号線_3-28橋(136).xlsx","町道205号線_3-28橋(136).xlsx","健全である。",,,,,,,,,,,,,,,,,,,,,,,,,,,,,,,,,,,,,,,,,,,,,,,,,,,,,,,,,,,,,,,,,,,,,,"S55道示","Ａ種の橋",,,,,,"1",,,,,"未対策","未対策","未対策","未対策","未対策","未対策","未対策","未対策","未対策","未対策","未対策","竣工図なし","基礎の耐震補強照査を実施していない",,"液状化の想定されるエリア外の橋梁","個別判定","直橋","未実施",,,"26%以上",,,,,,,,,,,,,,,,,,,,,,,,,,,,,,,,,,,,,,,,,,
"35.57633,137.94259","BR0-204021-00122",,,,"3-29橋(38)","(3-29ﾊｼ)","町道７１号長峰線","市町村道","不明","1981～1990年",,,"5.1","1","2.5","③ＲＣ橋_ＲＣ床版橋（その他）","RC橋","床版橋","重力式橋台","直接基礎",,"市区町村","松川町","松川町","長野県","松川町","35.57633","137.94259","無","上下線","指定無し","×","市区町村","無し","有","一般道",,,,"2020","202010","Ⅱ",,"町道71号長峰線_3-29橋(38).xlsx-2020.xlsx，3-29橋(38).xlsx","支承部から漏水・遊離石灰が見られる。予防保全の観点から措置を講ずることが望ましい。",,,,,,,,,,,,,,,,,,,,,,,,,,,,,,,,,,,,,,,,,,,,,,,,,,,,,,,,,,,,,,,,,,,,,,"S55道示","Ａ種の橋",,,,,,"1",,,,,"未対策","未対策","未対策","未対策","未対策","未対策","未対策","未対策","未対策","未対策","未対策","竣工図なし","基礎の耐震補強照査を実施していない",,"液状化の想定されるエリア外の橋梁","個別判定","直橋","未実施",,,"26%以上",,,,,,,,,,,,,,,,,,,,,,,,,,,,,,,,,,,,,,,,,,
"35.59284,137.97738","BR0-204021-00123",,,,"3-31橋(40)","(3-31ﾊｼ)","町道１１４号線","市町村道","1988",,,,"4.7","1","5.2","③ＲＣ橋_ＲＣ床版橋（その他）","RC橋","床版橋","重力式橋台","直接基礎",,"市区町村","松川町","松川町","長野県","松川町","35.59284","137.97738","無","上下線","指定無し","×",,"無し","有","一般道",,,,"2021","202110","Ⅰ",,"17_町道114号線_3-31橋.xlsx","橋としての機能に支障が生じていない。",,,,,,,,,,,,,,,,,,,,,,,,,,,,,,,,,,,,,,,,,,,,,,,,,,,,,,,,,,,,,,,,,,,,,,"S55道示","Ａ種の橋",,,,,,"1",,,,,"未対策","未対策","未対策","未対策","未対策","未対策","未対策","未対策","未対策","未対策","未対策","竣工図なし","基礎の耐震補強照査を実施していない",,"液状化の想定されるエリア外の橋梁","個別判定","直橋","未実施",,,"26%以上",,,,,,,,,,,,,,,,,,,,,,,,,,,,,,,,,,,,,,,,,,
"35.59053,137.97224","BR0-204021-00124",,,,"3-32橋(130)","(3-32ﾊｼ)","町道１８１号線","市町村道","不明","1981～1990年",,,"6.0","1","2.5","③ＲＣ橋_ＲＣ床版橋（その他）","RC橋","床版橋","重力式橋台","直接基礎",,"市区町村","松川町","松川町","長野県","松川町","35.59053","137.97224","無","上下線","指定無し","×",,"無し","有","一般道",,,,"2022","202211","Ⅱ","町道181号線_3-32橋(130).xlsx.xlsx","町道181号線_3-32橋(130).xlsx","支承部からの漏水・遊離石灰、主桁の鉄筋露出がみられる。予防保全の観点から措置を講ずることが望ましい。",,,,,,,,,,,,,,,,,,,,,,,,,,,,,,,,,,,,,,,,,,,,,,,,,,,,,,,,,,,,,,,,,,,,,,"S55道示","Ａ種の橋",,,,,,"1",,,,,"未対策","未対策","未対策","未対策","未対策","未対策","未対策","未対策","未対策","未対策","未対策","竣工図なし","基礎の耐震補強照査を実施していない",,"液状化の想定されるエリア外の橋梁","個別判定","直橋","未実施",,,"26%以上",,,,,,,,,,,,,,,,,,,,,,,,,,,,,,,,,,,,,,,,,,
"35.58706,137.97542","BR0-204021-00125",,,,"3-33橋(129)","(3-33ﾊｼ)","町道１８０号線","市町村道","不明","1981～1990年",,,"5.0","1","1.8","③ＲＣ橋_ＲＣ床版橋（その他）","RC橋","床版橋","重力式橋台","直接基礎",,"市区町村","松川町","松川町","長野県","松川町","35.58706","137.97542","無","上下線","指定無し","×",,"無し","有","一般道",,,,"2021","202110","Ⅱ",,"町道180号線_3-33橋(129).xlsx-2021.xlsx，18_町道180号線_3-33橋.xlsx","主桁に0.3㎜のひびわれが見られる。予防保全の観点から措置を講ずることが望ましい。",,,,,,,,,,,,,,,,,,,,,,,,,,,,,,,,,,,,,,,,,,,,,,,,,,,,,,,,,,,,,,,,,,,,,,"S55道示","Ａ種の橋",,,,,,"1",,,,,"未対策","未対策","未対策","未対策","未対策","未対策","未対策","未対策","未対策","未対策","未対策","竣工図なし","基礎の耐震補強照査を実施していない",,"液状化の想定されるエリア外の橋梁","個別判定","直橋","未実施",,,"6%以上～26%未満",,,,,,,,,,,,,,,,,,,,,,,,,,,,,,,,,,,,,,,,,,
"35.58676,137.98627","BR0-204021-00126",,,,"3-34橋(124)","(3-34ﾊｼ)","町道１６１号線","市町村道","不明","1981～1990年",,,"3.0","1","3.2","③ＲＣ橋_ＲＣ床版橋（その他）","RC橋","床版橋","重力式橋台","直接基礎",,"市区町村","松川町","松川町","長野県","松川町","35.58676","137.98627","無","上下線","指定無し","×",,"無し","有","一般道",,,,"2022","202211","Ⅱ","町道161号線_3-34橋(124).xlsx.xlsx","町道161号線_3-34橋(124).xlsx","主桁01に漏水・遊離石灰がみられる。路面の段差がみられる橋台に支障をきたす恐れがあるため早期の修復が必要と思われる。段差は維持工事対応。現状橋梁自体に影響はないためⅡ判定とした。",,,,,,,,,,,,,,,,,,,,,,,,,,,,,,,,,,,,,,,,,,,,,,,,,,,,,,,,,,,,,,,,,,,,,,"S55道示","Ａ種の橋",,,,,,"1",,,,,"未対策","未対策","未対策","未対策","未対策","未対策","未対策","未対策","未対策","未対策","未対策","竣工図なし","基礎の耐震補強照査を実施していない",,"液状化の想定されるエリア外の橋梁","個別判定","斜橋・曲線橋","未実施",,,"26%以上",,,,,,,,,,,,,,,,,,,,,,,,,,,,,,,,,,,,,,,,,,
"35.58705,137.98606","BR0-204021-00127",,,,"3-35橋(123)","(3-35ﾊｼ)","町道１６１号線","市町村道","不明","1981～1990年",,,"3.0","1","3.4","③ＲＣ橋_ＲＣ床版橋（その他）","RC橋","床版橋","重力式橋台","直接基礎",,"市区町村","松川町","松川町","長野県","松川町","35.58705","137.98606","無","上下線","指定無し","×",,"無し","有","一般道",,,,"2022","202211","Ⅱ","町道161号線_3-35橋(123).xlsx.xlsx","町道161号線_3-35橋(123).xlsx","主桁01に漏水・遊離石灰がみられる。予防保全の観点から措置を講ずることが望ましい。段差は維持工事対応。",,,,,,,,,,,,,,,,,,,,,,,,,,,,,,,,,,,,,,,,,,,,,,,,,,,,,,,,,,,,,,,,,,,,,,"S55道示","Ａ種の橋",,,,,,"1",,,,,"未対策","未対策","未対策","未対策","未対策","未対策","未対策","未対策","未対策","未対策","未対策","竣工図なし","基礎の耐震補強照査を実施していない",,"液状化の想定されるエリア外の橋梁","個別判定","直橋","未実施",,,"26%以上",,,,,,,,,,,,,,,,,,,,,,,,,,,,,,,,,,,,,,,,,,
"35.58323,137.97905","BR0-204021-00128",,,,"3-36橋(41)","(3-36ﾊｼ)","町道１２６号線","市町村道","不明","1981～1990年",,,"5.1","1","7.5","③ＲＣ橋_ＲＣ床版橋（その他）","RC橋","床版橋","重力式橋台","直接基礎",,"市区町村","松川町","松川町","長野県","松川町","35.58323","137.97905","無","上下線","指定無し","×",,"無し","有","一般道",,,,"2021","202110","Ⅰ",,"町道126号線_3-36橋(41).xlsx-2021.xlsx，19_町道126号線_3-36橋.xlsx","橋としての機能に支障が生じていない。",,,,,,,,,,,,,,,,,,,,,,,,,,,,,,,,,,,,,,,,,,,,,,,,,,,,,,,,,,,,,,,,,,,,,,"S55道示","Ａ種の橋",,,,,,"1",,,,,"未対策","未対策","未対策","未対策","未対策","未対策","未対策","未対策","未対策","未対策","未対策","竣工図なし","基礎の耐震補強照査を実施していない",,"液状化の想定されるエリア外の橋梁","個別判定","直橋","未実施",,,"26%以上",,,,,,,,,,,,,,,,,,,,,,,,,,,,,,,,,,,,,,,,,,
"35.57860,137.96339","BR0-204021-00129",,,,"3-37橋(39)","(3-37ﾊｼ)","町道１２６号大平線","市町村道","不明","1981～1990年",,,"2.2","1","3.9","③ＲＣ橋_ＲＣ床版橋（その他）","RC橋","床版橋","重力式橋台","直接基礎","○","市区町村","松川町","松川町","長野県","松川町","35.57860","137.96339","無","上下線","指定無し","×",,"無し","有","一般道",,,,"2021","202203","Ⅰ","町道126号大平線_3-37橋(39).xlsx.xlsx","2129_402_町道126号大平線_3-37橋(39).xlsx","健全である。","○",,,,,,,,,,,,,,,,,,,,,,,,,,,,,,,,,,,,,,,,,,,,,,,,,,,,,,,,,,,,,,,,,,,,,"S55道示","Ａ種の橋",,,,,,"1",,,,,"必要なし","必要なし","必要なし","必要なし","必要なし","必要なし","必要なし","必要なし","必要なし","必要なし","必要なし","竣工図なし",,,,,,,,,,,,,,,,,,,,,,,,,,,,,,,,,,,,,,,,,,,,,,,,,,,
"35.57950,137.96996","BR0-204021-00130",,,,"3-38橋(128)","(3-38ﾊｼ)","町道１７８号線","市町村道","不明","1981～1990年",,,"2.2","1","1.8","③ＲＣ橋_ＲＣ床版橋（その他）","RC橋","床版橋","重力式橋台","直接基礎",,"市区町村","松川町","松川町","長野県","松川町","35.57950","137.96996","無","上下線","指定無し","×",,"無し","有","一般道",,,,"2022","202211","Ⅱ","町道178号線_3-38橋(128).xlsx.xlsx","町道178号線_3-38橋(128).xlsx","主桁に鉄筋露出がみられる。予防保全の観点から措置を講ずることが望ましい。",,,,,,,,,,,,,,,,,,,,,,,,,,,,,,,,,,,,,,,,,,,,,,,,,,,,,,,,,,,,,,,,,,,,,,"S55道示","Ａ種の橋",,,,,,"1",,,,,"未対策","未対策","未対策","未対策","未対策","未対策","未対策","未対策","未対策","未対策","未対策","竣工図なし","基礎の耐震補強照査を実施していない",,"液状化の想定されるエリア外の橋梁","個別判定","直橋","未実施",,,"6%以上～26%未満",,,,,,,,,,,,,,,,,,,,,,,,,,,,,,,,,,,,,,,,,,
"35.57856,137.97905","BR0-204021-00131",,,,"3-39橋(127)","(3-39ﾊｼ)","町道１７４号線","市町村道","不明","1981～1990年",,,"18.0","2","2.0","③ＲＣ橋_ＲＣ床版橋（その他）","RC橋","床版橋","重力式橋台","直接基礎",,"市区町村","松川町","松川町","長野県","松川町","35.57856","137.97905","無","上下線","指定無し","×",,"無し","有","一般道",,,,"2024","202410","Ⅱ","町道174号線_3-39橋.xlsx","355785613797905_3-39橋(127)_2024-1.xlsx","【橋全体】
　◆本橋梁は、予防保全の観点から耐久性の回復措置を講ずることが望ましい状態にあると判断し、健全度Ⅱとした。
　◆早期に耐荷性能が損なわれる状態ではない。
　◆第三者への影響等でその他の性能が損なわれる状態ではない。

【上部構造】
　◆主桁、床版に局所的な剥離・鉄筋露出が見られる。前回点検時よりほとんど進行していない。

【下部構造】
　◆橋脚に洗堀が見られる。洗堀は基礎まで達していない。前回点検時よりほとんど進行していない。放置すると構造安全性に大きな影響を与えるため、予防保全の観点から状況に応じて措置する必要がある。

【上下部接続部】
　◆耐久性能が損なわれる状況ではない。

【その他】
　◆（伸縮装置）耐久性能が損なわれる状況ではない。",,,,,,,,,,,,,,,,,,,,,,,,,,,,,,,,,,,,,,,,,,,,,,,,,,,,,,,,,,,,,,,,,,,,,,"S55道示","Ａ種の橋",,,,,,"1",,,,,"未対策","未対策","未対策","未対策","未対策","未対策","未対策","未対策","未対策","未対策","未対策","竣工図なし","基礎の耐震補強照査を実施していない",,"液状化の想定されるエリア外の橋梁","個別判定",,,,,"26%以上",,,,,,,,,,,,,,,,,,,,,,,,,,,,,,,,,,,,,,,,,,
"35.57610,137.98197","BR0-204021-00132",,,,"3-40橋(126)","(3-40ﾊｼ)","町道１７３号線","市町村道","不明","1981～1990年",,,"12.0","1","3.7","③ＲＣ橋_ＲＣ床版橋（その他）","RC橋","床版橋","重力式橋台","直接基礎",,"市区町村","松川町","松川町","長野県","松川町","35.57610","137.98197","無","上下線","指定無し","×",,"無し","有","一般道",,,,"2021","202110","Ⅱ",,"町道173号線_3-40橋(126).xlsx-2021.xlsx，20_町道173号線_3-40橋.xlsx","橋としての機能に支障が生じていないが、転倒事故防止のため段差補修をしたほうが良い。",,,,,,,,,,,,,,,,,,,,,,,,,,,,,,,,,,,,,,,,,,,,,,,,,,,,,,,,,,,,,,,,,,,,,,"S55道示","Ａ種の橋",,,,,,"1",,,,,"未対策","未対策","未対策","未対策","未対策","未対策","未対策","未対策","未対策","未対策","未対策","竣工図なし","基礎の耐震補強照査を実施していない",,"液状化の想定されるエリア外の橋梁","個別判定","直橋","未実施",,,"6%以上～26%未満",,,,,,,,,,,,,,,,,,,,,,,,,,,,,,,,,,,,,,,,,,
"35.58333,137.94714","BR0-204021-00133",,,,"3-41橋(135)","(3-41ﾊｼ)","町道２００号線","市町村道","不明","1981～1990年",,,"7.3","1","2.2","③ＲＣ橋_ＲＣ床版橋（その他）","RC橋","床版橋","重力式橋台","直接基礎",,"市区町村","松川町","松川町","長野県","松川町","35.58333","137.94714","無","上下線","指定無し","×",,"無し","有","一般道",,,,"2022","202211","Ⅱ","町道200号線_3-41橋(135).xlsx.xlsx","町道200号線_3-41橋(135).xlsx","主桁に鉄筋露出がみられる。予防保全の観点から措置を講ずることが望ましい。",,,,,,,,,,,,,,,,,,,,,,,,,,,,,,,,,,,,,,,,,,,,,,,,,,,,,,,,,,,,,,,,,,,,,,"S55道示","Ａ種の橋",,,,,,"1",,,,,"未対策","未対策","未対策","未対策","未対策","未対策","未対策","未対策","未対策","未対策","未対策","竣工図なし","基礎の耐震補強照査を実施していない",,"液状化の想定されるエリア外の橋梁","個別判定","直橋","未実施",,,"6%以上～26%未満",,,,,,,,,,,,,,,,,,,,,,,,,,,,,,,,,,,,,,,,,,
"35.58210,137.98160","BR0-204021-00134",,,,"3-42橋(125)","(3-42ﾊｼ)","町道１６９号線","市町村道","不明","1981～1990年",,,"2.1","1","4.2","③ＲＣ橋_ＲＣ床版橋（その他）","RC橋","床版橋","重力式橋台","直接基礎","○","市区町村","松川町","松川町","長野県","松川町","35.58210","137.98160","無","上下線","指定無し","×",,"無し","有","一般道",,,,"2022","202211","Ⅰ","町道169号線_3-42橋(125).xlsx","町道169号線_3-42橋(125).xlsx","健全である。",,,,,,,,,,,,,,,,,,,,,,,,,,,,,,,,,,,,,,,,,,,,,,,,,,,,,,,,,,,,,,,,,,,,,,"S55道示","Ａ種の橋",,,,,,"1",,,,,"必要なし","必要なし","必要なし","必要なし","必要なし","必要なし","必要なし","必要なし","必要なし","必要なし","必要なし","竣工図なし",,,,,,,,,,,,,,,,,,,,,,,,,,,,,,,,,,,,,,,,,,,,,,,,,,,
"35.59400,137.93339","BR0-204021-00135",,,,"3-43橋","(3ｰ43ｷﾖｳ)","町道（１級）１１号線","市町村道","1974",,,,"16.0","1","4.2","③ＲＣ橋_ＲＣ床版橋（その他）","RC橋","床版橋","重力式橋台","直接基礎","○","市区町村","松川町","松川町","長野県","松川町","35.59400","137.93339","無","上下線","指定無し","×","都道府県","無し","有","一般道",,,,"2020","202010","Ⅱ",,"町道11号線_3-43橋(19).xlsx-2020.xlsx，3-43橋(19).xlsx","舗装に5.0㎜のひびわれがみられ、橋梁側面に剥離がみられる。予防保全の観点から措置を講ずることが望ましい。",,,,,,,,,,,,,,,,,,,,,,,,,,,,,,,,,,,,,,,,,,,,,,,,,,,,,,,,,,,,,,,,,,,,,,"S46耐震設計指針","Ａ種の橋",,,,,,"1",,,,,"必要なし","必要なし","必要なし","必要なし","必要なし","必要なし","必要なし","必要なし","必要なし","必要なし","必要なし","竣工図なし",,,,,,,,,,,,,,,,,,,,,,,,,,,,,,,,,,,,,,,,,,,,,,,,,,,
"35.59420,137.93254","BR0-204021-00136",,,,"3-44橋","(3ｰ44ｷﾖｳ)","町道（１級）１１号線","市町村道","1974",,,,"18.5","1","4.4","③ＲＣ橋_ＲＣ床版橋（その他）","RC橋","床版橋","重力式橋台","直接基礎","○","市区町村","松川町","松川町","長野県","松川町","35.59420","137.93254","無","上下線","指定無し","×","都道府県","無し","有","一般道",,,,"2020","202010","Ⅱ",,"町道11号線_3-44橋(18).xlsx-2020.xlsx，3-44橋(18).xlsx","舗装に5㎜以上のひびわれが多数生じている。予防保全の観点から措置を講ずることが望ましい。",,,,,,,,,,,,,,,,,,,,,,,,,,,,,,,,,,,,,,,,,,,,,,,,,,,,,,,,,,,,,,,,,,,,,,"S46耐震設計指針","Ａ種の橋",,,,,,"1",,,,,"必要なし","必要なし","必要なし","必要なし","必要なし","必要なし","必要なし","必要なし","必要なし","必要なし","必要なし","竣工図なし",,,,,,,,,,,,,,,,,,,,,,,,,,,,,,,,,,,,,,,,,,,,,,,,,,,
"35.59425,137.93223","BR0-204021-00137",,,,"3-45橋","(3ｰ43ｷﾖｳ)","町道（１級）１１号線","市町村道","1974",,,,"17.1","1","4.2","③ＲＣ橋_ＲＣ床版橋（その他）","RC橋","床版橋","重力式橋台","直接基礎","○","市区町村","松川町","松川町","長野県","松川町","35.59425","137.93223","無","上下線","指定無し","×","都道府県","無し","有","一般道",,,,"2020","202010","Ⅱ",,"町道11号線_3-45橋(17).xlsx-2020.xlsx，3-45橋(17).xlsx","主桁に遊離石灰がみられる。舗装に2㎝のひびわれがみられる。予防保全の観点から措置を講ずることが望ましい。",,,,,,,,,,,,,,,,,,,,,,,,,,,,,,,,,,,,,,,,,,,,,,,,,,,,,,,,,,,,,,,,,,,,,,"S46耐震設計指針","Ａ種の橋",,,,,,"1",,,,,"必要なし","必要なし","必要なし","必要なし","必要なし","必要なし","必要なし","必要なし","必要なし","必要なし","必要なし","竣工図なし",,,,,,,,,,,,,,,,,,,,,,,,,,,,,,,,,,,,,,,,,,,,,,,,,,,
"35.58107,137.96103","BR0-204021-00138",,,,"3-46橋(26)","(3-46ﾊｼ)","町道野田口線","市町村道","不明","1981～1990年",,,"2.5","1","6.0","③ＲＣ橋_ＲＣ床版橋（その他）","RC橋","床版橋","重力式橋台","直接基礎",,"市区町村","松川町","松川町","長野県","松川町","35.58107","137.96103","無","上下線","指定無し","×",,"無し","有","一般道",,,,"2022","202211","Ⅱ","町道野田口線_3-46橋(26).xlsx.xlsx","町道野田口線_3-46橋(26).xlsx","主桁01に鉄筋露出がみられる。予防保全の観点から措置を講ずることが望ましい。地覆の欠損は修復済みの為判定をⅠとした。",,,,,,,,,,,,,,,,,,,,,,,,,,,,,,,,,,,,,,,,,,,,,,,,,,,,,,,,,,,,,,,,,,,,,,,,,,,,,"1",,,,,"未対策","未対策","未対策","未対策","未対策","未対策","未対策","未対策","未対策","未対策","未対策","竣工図なし","基礎の耐震補強照査を実施していない",,"液状化の想定されるエリア外の橋梁","個別判定","直橋","未実施",,,"6%以上～26%未満",,,,,,,,,,,,,,,,,,,,,,,,,,,,,,,,,,,,,,,,,,
"35.59007,137.91587","BR0-204021-00139",,,,"1-81橋(140)","(1-81ﾊｼ)","町道３８号線","市町村道","不明","1991～2000年",,,"2.8","1","4.5","③ＲＣ橋_ＲＣ床版橋（その他）","RC橋","床版橋",,"直接基礎",,"市区町村","松川町","松川町","長野県","松川町","35.59007","137.91587","無","上下線","指定無し","×",,"無し","有","一般道",,,,"2021","202110","Ⅰ",,"34_町道38号線_1-81橋.xlsx","橋としての機能に支障が生じていない。",,,,,,,,,,,,,,,,,,,,,,,,,,,,,,,,,,,,,,,,,,,,,,,,,,,,,,,,,,,,,,,,,,,,,,"H2道示","Ａ種の橋",,,,,,"1",,,,,"未対策","未対策","未対策","未対策","未対策","未対策","未対策","未対策","未対策","未対策","未対策","竣工図なし",,,,,,,,,,,,,,,,,,,,,,,,,,,,,,,,,,,,,,,,,,,,,,,,,,,
"35.58508,137.91220","BR0-204021-00140",,,,"古町第1橋","(ﾌﾙﾏﾁﾀﾞｲｲﾁｷｮｳ)","町道４７号線","市町村道","不明","1961～1970年",,,"20.6","1","4.5","⑥石橋_アーチ橋","石橋","アーチ橋",,"直接基礎",,"市区町村","松川町","松川町","長野県","松川町","35.58508","137.91220",,"上下線","指定無し","指定無し",,"その他鉄道","有","一般道",,"無し",,"2023","202310","Ⅱ",,"古町第一橋_町道47号線.XLSX","アーチリブにつららを伴う遊離石灰、舗装にひびわれと段差が見られたため、予防保全の観点から措置を講ずることが望ましい。",,,,,,,,,,,,,,,"全体","Ⅱ",,,,"東海旅客鉄道",,,,,,,,,,,,,,,,,,,,,,,,,,,,,,,,,,,,,,,,,,,,,,,,,,,,,,,,,,,,,,,,,,,,,,,,,,,,,,,,,,,,,,,,,,,,,,,,,,,,,,,,,,,,,,,,,,,,,,,,,,,,
